epoch_num,previous_epoch_num,next_epoch_num,first_slot,last_slot,first_block_timestamp,first_block_unix_timestamp,first_block,last_block,last_block_timestamp,last_block_unix_timestamp
95,94,96,"41,040,000","41,471,999","Oct 12, 2020 at 14:08:43 UTC",1602511723,"41,040,000","41,471,995","Oct 14, 2020 at 07:50:53 UTC",1602661853
96,95,97,"41,472,000","41,903,999","Oct 14, 2020 at 07:50:55 UTC",1602661855,"41,472,000","41,903,995","Oct 16, 2020 at 00:29:18 UTC",1602808158
97,96,98,"41,904,000","42,335,999","Oct 16, 2020 at 00:29:20 UTC",1602808160,"41,904,000","42,335,999","Oct 17, 2020 at 17:32:01 UTC",1602955921
98,97,99,"42,336,000","42,767,999","Oct 17, 2020 at 17:32:02 UTC",1602955922,"42,336,000","42,767,999","Oct 19, 2020 at 10:23:55 UTC",1603103035
99,98,100,"42,768,000","43,199,999","Oct 19, 2020 at 10:23:55 UTC",1603103035,"42,768,000","43,199,999","Oct 21, 2020 at 04:22:20 UTC",1603254140
100,99,101,"43,200,000","43,631,999","Oct 21, 2020 at 04:22:21 UTC",1603254141,"43,200,000","43,631,999","Oct 23, 2020 at 00:09:36 UTC",1603411776
101,100,102,"43,632,000","44,063,999","Oct 23, 2020 at 00:09:37 UTC",1603411777,"43,632,000","44,063,999",,NaN
102,101,103,"44,064,000","44,495,999","44,064,00044,064,000",NaN,"44,495,999",,,NaN
103,102,104,"44,496,000","44,927,999","Oct 26, 2020 at 13:53:14 UTC",1603720394,"44,496,000","44,927,999","Oct 28, 2020 at 09:42:55 UTC",1603878175
104,103,105,"44,928,000","45,359,999","Oct 28, 2020 at 09:42:56 UTC",1603878176,"44,928,000","45,359,999","Oct 30, 2020 at 05:00:23 UTC",1604034023
105,104,106,"45,360,000","45,791,999","Oct 30, 2020 at 05:00:23 UTC",1604034023,"45,360,000","45,791,999","Nov 1, 2020 at 00:13:58 UTC",1604189638
106,105,107,"45,792,000","46,223,999","Nov 1, 2020 at 00:13:59 UTC",1604189639,"45,792,000","46,223,999","Nov 2, 2020 at 19:00:15 UTC",1604343615
107,106,108,"46,224,000","46,655,999","Nov 2, 2020 at 19:00:16 UTC",1604343616,"46,224,000","46,655,999","Nov 4, 2020 at 13:24:06 UTC",1604496246
108,107,109,"46,656,000","47,087,999","Nov 4, 2020 at 13:24:06 UTC",1604496246,"46,656,000","47,087,999","Nov 6, 2020 at 10:23:05 UTC",1604658185
109,108,110,"47,088,000","47,519,999","Nov 6, 2020 at 10:23:06 UTC",1604658186,"47,088,000","47,519,999","Nov 8, 2020 at 08:37:43 UTC",1604824663
110,109,111,"47,520,000","47,951,999","Nov 8, 2020 at 08:37:43 UTC",1604824663,"47,520,000","47,951,999","Nov 10, 2020 at 06:13:29 UTC",1604988809
111,110,112,"47,952,000","48,383,999","Nov 10, 2020 at 06:13:30 UTC",1604988810,"47,952,000","48,383,999","Nov 12, 2020 at 03:38:33 UTC",1605152313
112,111,113,"48,384,000","48,815,999","Nov 12, 2020 at 03:38:33 UTC",1605152313,"48,384,000","48,815,999","Nov 13, 2020 at 23:58:07 UTC",1605311887
113,112,114,"48,816,000","49,247,999","Nov 13, 2020 at 23:58:08 UTC",1605311888,"48,816,000","49,247,999","Nov 15, 2020 at 21:04:19 UTC",1605474259
114,113,115,"49,248,000","49,679,999","Nov 15, 2020 at 21:04:20 UTC",1605474260,"49,248,000","49,679,999","Nov 17, 2020 at 18:33:28 UTC",1605638008
115,114,116,"49,680,000","50,111,999","Nov 17, 2020 at 18:33:29 UTC",1605638009,"49,680,000","50,111,999","Nov 19, 2020 at 16:13:45 UTC",1605802425
116,115,117,"50,112,000","50,543,999","Nov 19, 2020 at 16:13:45 UTC",1605802425,"50,112,000","50,543,999",,NaN
117,116,118,"50,544,000","50,975,999","50,544,00050,544,000",NaN,"50,975,999",,,NaN
118,117,119,"50,976,000","51,407,999","Nov 23, 2020 at 17:12:56 UTC",1606151576,"50,976,000","51,407,999","Nov 25, 2020 at 18:16:23 UTC",1606328183
119,118,120,"51,408,000","51,839,999","Nov 25, 2020 at 18:16:24 UTC",1606328184,"51,408,000","51,839,999","Nov 27, 2020 at 21:30:28 UTC",1606512628
120,119,121,"51,840,000","52,271,999","Nov 27, 2020 at 21:30:29 UTC",1606512629,"51,840,000","52,271,992",,NaN
121,120,122,"52,272,000","52,703,999","52,272,00052,272,000",NaN,"52,703,999",,,NaN
122,121,123,"52,704,000","53,135,999","Dec 2, 2020 at 05:47:11 UTC",1606888031,"52,704,000","53,135,999","Dec 4, 2020 at 08:23:07 UTC",1607070187
123,122,124,"53,136,000","53,567,999","Dec 4, 2020 at 08:23:07 UTC",1607070187,"53,136,000","53,567,999","Dec 6, 2020 at 14:19:19 UTC",1607264359
124,123,125,"53,568,000","53,999,999","Dec 6, 2020 at 14:19:19 UTC",1607264359,"53,568,000","53,999,999","Dec 8, 2020 at 13:26:42 UTC",1607434002
125,124,126,"54,000,000","54,431,999","Dec 8, 2020 at 13:26:42 UTC",1607434002,"54,000,000","54,431,995","Dec 10, 2020 at 17:25:22 UTC",1607621122
126,125,127,"54,432,000","54,863,999","Dec 10, 2020 at 17:25:24 UTC",1607621124,"54,432,000","54,863,999","Dec 12, 2020 at 21:43:58 UTC",1607809438
127,126,128,"54,864,000","55,295,999","Dec 12, 2020 at 21:43:58 UTC",1607809438,"54,864,000","55,295,999","Dec 15, 2020 at 01:44:02 UTC",1607996642
128,127,129,"55,296,000","55,727,999","Dec 15, 2020 at 01:44:03 UTC",1607996643,"55,296,000","55,727,996","Dec 17, 2020 at 06:36:15 UTC",1608186975
129,128,130,"55,728,000","56,159,999","Dec 17, 2020 at 06:36:16 UTC",1608186976,"55,728,001","56,159,995","Dec 19, 2020 at 11:14:28 UTC",1608376468
130,129,131,"56,160,000","56,591,999","Dec 19, 2020 at 11:14:30 UTC",1608376470,"56,160,000","56,591,999","Dec 21, 2020 at 15:59:27 UTC",1608566367
131,130,132,"56,592,000","57,023,999","Dec 21, 2020 at 15:59:27 UTC",1608566367,"56,592,000","57,023,995","Dec 24, 2020 at 01:58:07 UTC",1608775087
132,131,133,"57,024,000","57,455,999","Dec 24, 2020 at 01:58:10 UTC",1608775090,"57,024,000","57,455,999","Dec 26, 2020 at 10:58:10 UTC",1608980290
133,132,134,"57,456,000","57,887,999","Dec 26, 2020 at 10:58:10 UTC",1608980290,"57,456,000","57,887,991","Dec 28, 2020 at 21:05:10 UTC",1609189510
134,133,135,"57,888,000","58,319,999","Dec 28, 2020 at 21:05:16 UTC",1609189516,"57,888,004","58,319,999","Dec 31, 2020 at 06:04:39 UTC",1609394679
135,134,136,"58,320,000","58,751,999","Dec 31, 2020 at 06:04:39 UTC",1609394679,"58,320,000","58,751,999","Jan 2, 2021 at 15:41:06 UTC",1609602066
136,135,137,"58,752,000","59,183,999","Jan 2, 2021 at 15:41:07 UTC",1609602067,"58,752,000","59,183,999","Jan 5, 2021 at 03:41:05 UTC",1609818065
137,136,138,"59,184,000","59,615,999","Jan 5, 2021 at 03:41:07 UTC",1609818067,"59,184,000","59,615,995","Jan 7, 2021 at 15:41:04 UTC",1610034064
138,137,139,"59,616,000","60,047,999","Jan 7, 2021 at 15:41:10 UTC",1610034070,"59,616,008","60,047,999","Jan 10, 2021 at 03:41:08 UTC",1610250068
139,138,140,"60,048,000","60,479,999","Jan 10, 2021 at 03:41:10 UTC",1610250070,"60,048,001","60,479,999","Jan 12, 2021 at 15:41:08 UTC",1610466068
140,139,141,"60,480,000","60,911,999","Jan 12, 2021 at 15:41:10 UTC",1610466070,"60,480,000","60,911,999","Jan 15, 2021 at 03:41:08 UTC",1610682068
141,140,142,"60,912,000","61,343,999","Jan 16, 2021 at 13:38:34 UTC",1610804314,"60,912,004","61,343,999","Jan 19, 2021 at 07:55:24 UTC",1611042924
142,141,143,"61,344,000","61,775,999","Jan 19, 2021 at 07:55:26 UTC",1611042926,"61,344,004","61,775,999","Jan 22, 2021 at 02:44:56 UTC",1611283496
143,142,144,"61,776,000","62,207,999","Jan 22, 2021 at 02:44:56 UTC",1611283496,"61,776,000","62,207,999","Jan 24, 2021 at 19:31:39 UTC",1611516699
144,143,145,"62,208,000","62,639,999","Jan 24, 2021 at 19:31:39 UTC",1611516699,"62,208,000","62,639,999","Jan 27, 2021 at 12:38:17 UTC",1611751097
145,144,146,"62,640,000","63,071,999","Jan 27, 2021 at 12:38:17 UTC",1611751097,"62,640,000","63,071,999","Jan 30, 2021 at 04:56:03 UTC",1611982563
146,145,147,"63,072,000","63,503,999","Jan 30, 2021 at 04:56:05 UTC",1611982565,"63,072,004","63,503,999","Feb 1, 2021 at 18:28:22 UTC",1612204102
147,146,148,"63,504,000","63,935,999","Feb 1, 2021 at 18:28:22 UTC",1612204102,"63,504,000","63,935,999","Feb 4, 2021 at 15:46:43 UTC",1612453603
148,147,149,"63,936,000","64,367,999","Feb 4, 2021 at 15:46:43 UTC",1612453603,"63,936,000","64,367,999","Feb 7, 2021 at 15:46:41 UTC",1612712801
149,148,150,"64,368,000","64,799,999","Feb 7, 2021 at 15:46:43 UTC",1612712803,"64,368,000","64,799,999","Feb 10, 2021 at 15:46:41 UTC",1612972001
150,149,151,"64,800,000","65,231,999","Feb 10, 2021 at 15:46:44 UTC",1612972004,"64,800,004","65,231,999","Feb 13, 2021 at 15:46:42 UTC",1613231202
151,150,152,"65,232,000","65,663,999","Feb 13, 2021 at 15:46:44 UTC",1613231204,"65,232,000","65,663,999","Feb 16, 2021 at 15:46:42 UTC",1613490402
152,151,153,"65,664,000","66,095,999","Feb 16, 2021 at 15:46:44 UTC",1613490404,"65,664,000","66,095,999","Feb 19, 2021 at 15:46:42 UTC",1613749602
153,152,154,"66,096,000","66,527,999","Feb 19, 2021 at 15:46:44 UTC",1613749604,"66,096,000","66,527,999","Feb 22, 2021 at 15:46:42 UTC",1614008802
154,153,155,"66,528,000","66,959,999","Feb 23, 2021 at 11:38:19 UTC",1614080299,"66,528,004","66,959,999","Feb 27, 2021 at 02:02:17 UTC",1614391337
155,154,156,"66,960,000","67,391,999","Feb 27, 2021 at 02:02:19 UTC",1614391339,"66,960,001","67,391,999","Mar 2, 2021 at 16:26:17 UTC",1614702377
156,155,157,"67,392,000","67,823,999","Mar 2, 2021 at 16:26:19 UTC",1614702379,"67,392,000","67,823,999","Mar 6, 2021 at 04:03:36 UTC",1615003416
157,156,158,"67,824,000","68,255,999","Mar 6, 2021 at 04:03:38 UTC",1615003418,"67,824,004","68,255,999","Mar 9, 2021 at 05:51:29 UTC",1615269089
158,157,159,"68,256,000","68,687,999","Mar 9, 2021 at 05:51:31 UTC",1615269091,"68,256,004","68,687,999","Mar 12, 2021 at 06:02:21 UTC",1615528941
159,158,160,"68,688,000","69,119,999","Mar 12, 2021 at 06:02:21 UTC",1615528941,"68,688,000","69,119,999","Mar 15, 2021 at 02:07:58 UTC",1615774078
160,159,161,"69,120,000","69,551,999","Mar 15, 2021 at 02:07:58 UTC",1615774078,"69,120,000","69,551,999","Mar 17, 2021 at 22:12:49 UTC",1616019169
161,160,162,"69,552,000","69,983,999","Mar 17, 2021 at 22:12:51 UTC",1616019171,"69,552,004","69,983,999","Mar 20, 2021 at 14:50:54 UTC",1616251854
162,161,163,"69,984,000","70,415,999","Mar 20, 2021 at 14:50:54 UTC",1616251854,"69,984,000","70,415,999","Mar 23, 2021 at 10:40:08 UTC",1616496008
163,162,164,"70,416,000","70,847,999","Mar 23, 2021 at 10:40:09 UTC",1616496009,"70,416,000","70,847,999","Mar 26, 2021 at 08:27:36 UTC",1616747256
164,163,165,"70,848,000","71,279,999","Mar 26, 2021 at 08:27:37 UTC",1616747257,"70,848,000","71,279,995","Mar 29, 2021 at 06:53:29 UTC",1617000809
165,164,166,"71,280,000","71,711,999","Mar 29, 2021 at 06:53:32 UTC",1617000812,"71,280,000","71,711,999","Apr 1, 2021 at 07:04:15 UTC",1617260655
166,165,167,"71,712,000","72,143,999","Apr 1, 2021 at 07:04:17 UTC",1617260657,"71,712,000","72,143,999","Apr 4, 2021 at 09:04:03 UTC",1617527043
167,166,168,"72,144,000","72,575,999","Apr 4, 2021 at 09:04:04 UTC",1617527044,"72,144,000","72,575,999","Apr 7, 2021 at 07:31:00 UTC",1617780660
168,167,169,"72,576,000","73,007,999","Apr 7, 2021 at 07:31:01 UTC",1617780661,"72,576,000","73,007,999","Apr 10, 2021 at 05:53:59 UTC",1618034039
169,168,170,"73,008,000","73,439,999","Apr 10, 2021 at 05:53:59 UTC",1618034039,"73,008,000","73,439,999","Apr 13, 2021 at 03:32:11 UTC",1618284731
170,169,171,"73,440,000","73,871,999","Apr 13, 2021 at 03:32:12 UTC",1618284732,"73,440,000","73,871,999","Apr 16, 2021 at 02:30:36 UTC",1618540236
171,170,172,"73,872,000","74,303,999","Apr 16, 2021 at 02:30:37 UTC",1618540237,"73,872,000","74,303,999","Apr 19, 2021 at 02:02:02 UTC",1618797722
172,171,173,"74,304,000","74,735,999","Apr 19, 2021 at 02:02:03 UTC",1618797723,"74,304,000","74,735,999","Apr 22, 2021 at 01:45:15 UTC",1619055915
173,172,174,"74,736,000","75,167,999","Apr 22, 2021 at 01:45:15 UTC",1619055915,"74,736,000","75,167,999","Apr 24, 2021 at 15:37:58 UTC",1619278678
174,173,175,"75,168,000","75,599,999","Apr 24, 2021 at 15:37:58 UTC",1619278678,"75,168,000","75,599,999","Apr 27, 2021 at 05:24:48 UTC",1619501088
175,174,176,"75,600,000","76,031,999","Apr 27, 2021 at 05:24:49 UTC",1619501089,"75,600,000","76,031,999","Apr 29, 2021 at 19:13:40 UTC",1619723620
176,175,177,"76,032,000","76,463,999","Apr 29, 2021 at 19:13:42 UTC",1619723622,"76,032,002","76,463,996","May 2, 2021 at 10:10:40 UTC",1619950240
177,176,178,"76,464,000","76,895,999","May 2, 2021 at 10:10:42 UTC",1619950242,"76,464,001","76,895,999","May 5, 2021 at 04:19:15 UTC",1620188355
178,177,179,"76,896,000","77,327,999","May 5, 2021 at 04:19:15 UTC",1620188355,"76,896,000","77,327,999","May 7, 2021 at 23:34:57 UTC",1620430497
179,178,180,"77,328,000","77,759,999","May 7, 2021 at 23:34:58 UTC",1620430498,"77,328,000","77,759,999","May 10, 2021 at 18:19:16 UTC",1620670756
180,179,181,"77,760,000","78,191,999","May 10, 2021 at 18:19:17 UTC",1620670757,"77,760,000","78,191,999","May 13, 2021 at 13:24:17 UTC",1620912257
181,180,182,"78,192,000","78,623,999","May 13, 2021 at 13:24:18 UTC",1620912258,"78,192,000","78,623,999","May 16, 2021 at 08:29:06 UTC",1621153746
182,181,183,"78,624,000","79,055,999","May 16, 2021 at 08:29:06 UTC",1621153746,"78,624,000","79,055,999","May 19, 2021 at 04:42:05 UTC",1621399325
183,182,184,"79,056,000","79,487,999","May 19, 2021 at 04:42:06 UTC",1621399326,"79,056,000","79,487,995","May 22, 2021 at 03:07:33 UTC",1621652853
184,183,185,"79,488,000","79,919,999","May 22, 2021 at 03:07:36 UTC",1621652856,"79,488,000","79,919,999","May 25, 2021 at 07:12:08 UTC",1621926728
185,184,186,"79,920,000","80,351,999","May 25, 2021 at 07:12:08 UTC",1621926728,"79,920,000","80,351,995","May 28, 2021 at 08:53:53 UTC",1622192033
186,185,187,"80,352,000","80,783,999","May 28, 2021 at 08:53:56 UTC",1622192036,"80,352,000","80,783,999","May 31, 2021 at 11:10:24 UTC",1622459424
187,186,188,"80,784,000","81,215,999","May 31, 2021 at 11:10:24 UTC",1622459424,"80,784,000","81,215,999","Jun 3, 2021 at 10:59:36 UTC",1622717976
188,187,189,"81,216,000","81,647,999","Jun 3, 2021 at 10:59:38 UTC",1622717978,"81,216,004","81,647,995","Jun 6, 2021 at 11:42:01 UTC",1622979721
189,188,190,"81,648,000","82,079,999","Jun 6, 2021 at 11:42:04 UTC",1622979724,"81,648,000","82,079,999","Jun 9, 2021 at 11:28:10 UTC",1623238090
190,189,191,"82,080,000","82,511,999","Jun 9, 2021 at 11:28:11 UTC",1623238091,"82,080,000","82,511,999","Jun 12, 2021 at 11:37:15 UTC",1623497835
191,190,192,"82,512,000","82,943,999","Jun 12, 2021 at 11:37:15 UTC",1623497835,"82,512,000","82,943,999","Jun 15, 2021 at 12:26:45 UTC",1623760005
192,191,193,"82,944,000","83,375,999","Jun 15, 2021 at 12:26:49 UTC",1623760009,"82,944,009","83,375,999","Jun 18, 2021 at 13:13:05 UTC",1624021985
193,192,194,"83,376,000","83,807,999","Jun 18, 2021 at 13:13:05 UTC",1624021985,"83,376,000","83,807,999","Jun 21, 2021 at 14:09:36 UTC",1624284576
194,193,195,"83,808,000","84,239,999","Jun 21, 2021 at 14:09:38 UTC",1624284578,"83,808,004","84,239,999","Jun 24, 2021 at 14:54:09 UTC",1624546449
195,194,196,"84,240,000","84,671,999","Jun 24, 2021 at 14:54:13 UTC",1624546453,"84,240,008","84,671,995","Jun 27, 2021 at 15:52:02 UTC",1624809122
196,195,197,"84,672,000","85,103,999","Jun 27, 2021 at 15:52:04 UTC",1624809124,"84,672,000","85,103,999","Jun 30, 2021 at 17:28:18 UTC",1625074098
197,196,198,"85,104,000","85,535,999","Jun 30, 2021 at 17:28:19 UTC",1625074099,"85,104,001","85,535,999","Jul 3, 2021 at 19:49:48 UTC",1625341788
198,197,199,"85,536,000","85,967,999","Jul 3, 2021 at 19:49:49 UTC",1625341789,"85,536,001","85,967,995","Jul 6, 2021 at 21:44:23 UTC",1625607863
199,198,200,"85,968,000","86,399,999","Jul 6, 2021 at 21:44:25 UTC",1625607865,"85,968,000","86,399,999","Jul 10, 2021 at 00:02:06 UTC",1625875326
200,199,201,"86,400,000","86,831,999","Jul 10, 2021 at 00:02:06 UTC",1625875326,"86,400,000","86,831,999","Jul 13, 2021 at 03:47:41 UTC",1626148061
201,200,202,"86,832,000","87,263,999","Jul 13, 2021 at 03:47:41 UTC",1626148061,"86,832,000","87,263,995","Jul 16, 2021 at 07:13:12 UTC",1626419592
202,201,203,"87,264,000","87,695,999","Jul 16, 2021 at 07:13:14 UTC",1626419594,"87,264,000","87,695,999","Jul 19, 2021 at 11:34:21 UTC",1626694461
203,202,204,"87,696,000","88,127,999","Jul 19, 2021 at 11:34:22 UTC",1626694462,"87,696,000","88,127,999","Jul 22, 2021 at 15:43:18 UTC",1626968598
204,203,205,"88,128,000","88,559,999","Jul 22, 2021 at 15:43:18 UTC",1626968598,"88,128,000","88,559,999","Jul 25, 2021 at 20:16:24 UTC",1627244184
205,204,206,"88,560,000","88,991,999","Jul 25, 2021 at 20:16:24 UTC",1627244184,"88,560,000","88,991,999","Jul 28, 2021 at 17:46:29 UTC",1627494389
206,205,207,"88,992,000","89,423,999","Jul 28, 2021 at 17:46:29 UTC",1627494389,"88,992,000","89,423,999","Jul 31, 2021 at 10:30:40 UTC",1627727440
207,206,208,"89,424,000","89,855,999","Jul 31, 2021 at 10:30:41 UTC",1627727441,"89,424,000","89,855,999","Aug 3, 2021 at 03:15:19 UTC",1627960519
208,207,209,"89,856,000","90,287,999","Aug 3, 2021 at 03:15:19 UTC",1627960519,"89,856,000","90,287,999","Aug 5, 2021 at 19:14:29 UTC",1628190869
209,208,210,"90,288,000","90,719,999","Aug 5, 2021 at 19:14:31 UTC",1628190871,"90,288,004","90,719,999","Aug 8, 2021 at 12:20:10 UTC",1628425210
210,209,211,"90,720,000","91,151,999","Aug 8, 2021 at 12:20:12 UTC",1628425212,"90,720,004","91,151,999","Aug 11, 2021 at 06:15:19 UTC",1628662519
211,210,212,"91,152,000","91,583,999","Aug 11, 2021 at 06:15:20 UTC",1628662520,"91,152,001","91,583,999","Aug 14, 2021 at 03:15:23 UTC",1628910923
212,211,213,"91,584,000","92,015,999","Aug 14, 2021 at 03:15:27 UTC",1628910927,"91,584,001","92,015,999","Aug 17, 2021 at 00:48:32 UTC",1629161312
213,212,214,"92,016,000","92,447,999","Aug 17, 2021 at 00:48:36 UTC",1629161316,"92,016,008","92,447,999","Aug 20, 2021 at 00:28:17 UTC",1629419297
214,213,215,"92,448,000","92,879,999","Aug 20, 2021 at 00:28:17 UTC",1629419297,"92,448,000","92,879,999","Aug 22, 2021 at 21:06:05 UTC",1629666365
215,214,216,"92,880,000","93,311,999","Aug 22, 2021 at 21:06:06 UTC",1629666366,"92,880,000","93,311,999","Aug 25, 2021 at 17:23:22 UTC",1629912202
216,215,217,"93,312,000","93,743,999","Aug 25, 2021 at 17:23:24 UTC",1629912204,"93,312,000","93,743,999","Aug 28, 2021 at 13:05:32 UTC",1630155932
217,216,218,"93,744,000","94,175,999","Aug 28, 2021 at 13:05:33 UTC",1630155933,"93,744,000","94,175,999","Aug 31, 2021 at 06:15:52 UTC",1630390552
218,217,219,"94,176,000","94,607,999","Aug 31, 2021 at 06:15:53 UTC",1630390553,"94,176,000","94,607,999","Sep 2, 2021 at 20:40:25 UTC",1630615225
219,218,220,"94,608,000","95,039,999","Sep 2, 2021 at 20:40:26 UTC",1630615226,"94,608,000","95,039,999","Sep 5, 2021 at 09:12:25 UTC",1630833145
220,219,221,"95,040,000","95,471,999","Sep 5, 2021 at 09:12:26 UTC",1630833146,"95,040,000","95,471,999","Sep 7, 2021 at 23:24:59 UTC",1631057099
221,220,222,"95,472,000","95,903,999","Sep 7, 2021 at 23:25:00 UTC",1631057100,"95,472,000","95,903,999","Sep 10, 2021 at 14:46:29 UTC",1631285189
222,221,223,"95,904,000","96,335,999","Sep 10, 2021 at 14:46:32 UTC",1631285192,"95,904,000","96,335,999","Sep 13, 2021 at 06:04:11 UTC",1631513051
223,222,224,"96,336,000","96,767,999","Sep 13, 2021 at 06:04:15 UTC",1631513055,"96,336,008","96,767,999","Sep 16, 2021 at 11:13:05 UTC",1631790785
224,223,225,"96,768,000","97,199,999","Sep 16, 2021 at 11:13:09 UTC",1631790789,"96,768,008","97,199,999","Sep 18, 2021 at 23:07:14 UTC",1632006434
225,224,226,"97,200,000","97,631,999","Sep 18, 2021 at 23:07:15 UTC",1632006435,"97,200,001","97,631,999","Sep 21, 2021 at 11:49:28 UTC",1632224968
226,225,227,"97,632,000","98,063,999","Sep 21, 2021 at 11:49:32 UTC",1632224972,"97,632,008","98,063,999","Sep 24, 2021 at 03:16:24 UTC",1632453384
227,226,228,"98,064,000","98,495,999","Sep 24, 2021 at 03:16:24 UTC",1632453384,"98,064,000","98,495,999","Sep 26, 2021 at 20:22:28 UTC",1632687748
228,227,229,"98,496,000","98,927,999","Sep 26, 2021 at 20:22:31 UTC",1632687751,"98,496,004","98,927,999","Sep 29, 2021 at 12:54:08 UTC",1632920048
229,228,230,"98,928,000","99,359,999","Sep 29, 2021 at 12:54:10 UTC",1632920050,"98,928,004","99,359,999","Oct 2, 2021 at 05:38:27 UTC",1633153107
230,229,231,"99,360,000","99,791,999","Oct 2, 2021 at 05:38:34 UTC",1633153114,"99,360,012","99,791,999","Oct 4, 2021 at 23:43:37 UTC",1633391017
231,230,232,"99,792,000","100,223,999","Oct 4, 2021 at 23:43:38 UTC",1633391018,"99,792,000","100,223,999","Oct 7, 2021 at 16:38:49 UTC",1633624729
232,231,233,"100,224,000","100,655,999","Oct 7, 2021 at 16:38:49 UTC",1633624729,"100,224,000","100,655,999","Oct 10, 2021 at 03:19:49 UTC",1633835989
233,232,234,"100,656,000","101,087,999","Oct 10, 2021 at 03:19:50 UTC",1633835990,"100,656,000","101,087,999","Oct 12, 2021 at 13:35:24 UTC",1634045724
234,233,235,"101,088,000","101,519,999","Oct 12, 2021 at 13:35:25 UTC",1634045725,"101,088,000","101,519,999","Oct 14, 2021 at 21:30:59 UTC",1634247059
235,234,236,"101,520,000","101,951,999","Oct 14, 2021 at 21:31:00 UTC",1634247060,"101,520,000","101,951,999","Oct 17, 2021 at 06:12:10 UTC",1634451130
236,235,237,"101,952,000","102,383,999","Oct 17, 2021 at 06:12:12 UTC",1634451132,"101,952,004","102,383,999","Oct 19, 2021 at 14:43:33 UTC",1634654613
237,236,238,"102,384,000","102,815,999","Oct 19, 2021 at 14:43:37 UTC",1634654617,"102,384,008","102,815,999","Oct 22, 2021 at 01:15:13 UTC",1634865313
238,237,239,"102,816,000","103,247,999","Oct 22, 2021 at 01:15:15 UTC",1634865315,"102,816,004","103,247,999","Oct 24, 2021 at 11:32:06 UTC",1635075126
239,238,240,"103,248,000","103,679,999","Oct 24, 2021 at 11:32:06 UTC",1635075126,"103,248,000","103,679,999","Oct 26, 2021 at 21:40:56 UTC",1635284456
240,239,241,"103,680,000","104,111,999","Oct 26, 2021 at 21:40:56 UTC",1635284456,"103,680,000","104,111,999","Oct 29, 2021 at 10:06:05 UTC",1635501965
241,240,242,"104,112,000","104,543,999","Oct 29, 2021 at 10:06:05 UTC",1635501965,"104,112,000","104,543,999","Oct 31, 2021 at 21:46:33 UTC",1635716793
242,241,243,"104,544,000","104,975,999","Oct 31, 2021 at 21:46:34 UTC",1635716794,"104,544,000","104,975,999","Nov 3, 2021 at 10:35:35 UTC",1635935735
243,242,244,"104,976,000","105,407,999","Nov 3, 2021 at 10:35:37 UTC",1635935737,"104,976,000","105,407,999","Nov 5, 2021 at 22:57:34 UTC",1636153054
244,243,245,"105,408,000","105,839,999","Nov 5, 2021 at 22:57:36 UTC",1636153056,"105,408,004","105,839,999","Nov 8, 2021 at 10:53:34 UTC",1636368814
245,244,246,"105,840,000","106,271,999","Nov 8, 2021 at 10:53:34 UTC",1636368814,"105,840,000","106,271,999","Nov 11, 2021 at 01:49:22 UTC",1636595362
246,245,247,"106,272,000","106,703,999","Nov 11, 2021 at 01:49:24 UTC",1636595364,"106,272,004","106,703,999","Nov 13, 2021 at 17:28:18 UTC",1636824498
247,246,248,"106,704,000","107,135,999","Nov 13, 2021 at 17:28:21 UTC",1636824501,"106,704,008","107,135,999","Nov 16, 2021 at 07:56:51 UTC",1637049411
248,247,249,"107,136,000","107,567,999","Nov 16, 2021 at 07:56:53 UTC",1637049413,"107,136,004","107,567,999","Nov 19, 2021 at 00:19:43 UTC",1637281183
249,248,250,"107,568,000","107,999,999","Nov 19, 2021 at 00:19:43 UTC",1637281183,"107,568,000","107,999,999","Nov 21, 2021 at 13:59:43 UTC",1637503183
250,249,251,"108,000,000","108,431,999","Nov 21, 2021 at 13:59:46 UTC",1637503186,"108,000,008","108,431,999","Nov 24, 2021 at 05:56:26 UTC",1637733386
251,250,252,"108,432,000","108,863,999","Nov 24, 2021 at 05:56:28 UTC",1637733388,"108,432,004","108,863,995","Nov 27, 2021 at 00:10:01 UTC",1637971801
252,251,253,"108,864,000","109,295,999","Nov 27, 2021 at 00:10:10 UTC",1637971810,"108,864,012","109,295,999","Nov 29, 2021 at 17:18:30 UTC",1638206310
253,252,254,"109,296,000","109,727,999","Nov 29, 2021 at 17:18:35 UTC",1638206315,"109,296,008","109,727,999","Dec 2, 2021 at 14:29:28 UTC",1638455368
254,253,255,"109,728,000","110,159,999","Dec 2, 2021 at 14:29:29 UTC",1638455369,"109,728,000","110,159,999","Dec 5, 2021 at 13:25:19 UTC",1638710719
255,254,256,"110,160,000","110,591,999","Dec 5, 2021 at 13:25:21 UTC",1638710721,"110,160,004","110,591,999","Dec 8, 2021 at 10:05:47 UTC",1638957947
256,255,257,"110,592,000","111,023,999","Dec 8, 2021 at 10:05:48 UTC",1638957948,"110,592,000","111,023,999","Dec 11, 2021 at 06:58:20 UTC",1639205900
257,256,258,"111,024,000","111,455,999","Dec 11, 2021 at 06:58:23 UTC",1639205903,"111,024,004","111,455,999","Dec 14, 2021 at 06:50:42 UTC",1639464642
258,257,259,"111,456,000","111,887,999","Dec 14, 2021 at 06:50:43 UTC",1639464643,"111,456,001","111,887,999","Dec 17, 2021 at 00:35:02 UTC",1639701302
259,258,260,"111,888,000","112,319,999","Dec 17, 2021 at 00:35:02 UTC",1639701302,"111,888,000","112,319,999","Dec 19, 2021 at 18:00:44 UTC",1639936844
260,259,261,"112,320,000","112,751,999","Dec 19, 2021 at 18:00:45 UTC",1639936845,"112,320,000","112,751,999","Dec 22, 2021 at 13:48:02 UTC",1640180882
261,260,262,"112,752,000","113,183,999","Dec 22, 2021 at 13:48:03 UTC",1640180883,"112,752,000","113,183,999","Dec 25, 2021 at 06:34:00 UTC",1640414040
262,261,263,"113,184,000","113,615,999","Dec 25, 2021 at 06:34:01 UTC",1640414041,"113,184,000","113,615,999","Dec 27, 2021 at 21:36:13 UTC",1640640973
263,262,264,"113,616,000","114,047,999","Dec 27, 2021 at 21:36:15 UTC",1640640975,"113,616,004","114,047,999","Dec 30, 2021 at 19:34:39 UTC",1640892879
264,263,265,"114,048,000","114,479,999","Dec 30, 2021 at 19:34:39 UTC",1640892879,"114,048,000","114,479,999","Jan 2, 2022 at 14:29:36 UTC",1641133776
265,264,266,"114,480,000","114,911,999","Jan 2, 2022 at 14:29:37 UTC",1641133777,"114,480,000","114,911,999","Jan 5, 2022 at 11:55:29 UTC",1641383729
266,265,267,"114,912,000","115,343,999","Jan 5, 2022 at 11:55:32 UTC",1641383732,"114,912,004","115,343,999","Jan 8, 2022 at 16:14:41 UTC",1641658481
267,266,268,"115,344,000","115,775,999","Jan 8, 2022 at 16:14:42 UTC",1641658482,"115,344,000","115,775,999","Jan 11, 2022 at 14:41:27 UTC",1641912087
268,267,269,"115,776,000","116,207,999","Jan 11, 2022 at 14:41:27 UTC",1641912087,"115,776,000","116,207,999","Jan 14, 2022 at 11:45:23 UTC",1642160723
269,268,270,"116,208,000","116,639,999","Jan 14, 2022 at 11:45:23 UTC",1642160723,"116,208,000","116,639,999","Jan 17, 2022 at 09:32:26 UTC",1642411946
270,269,271,"116,640,000","117,071,999","Jan 17, 2022 at 09:32:29 UTC",1642411949,"116,640,004","117,071,999","Jan 20, 2022 at 11:15:35 UTC",1642677335
271,270,272,"117,072,000","117,503,999","Jan 20, 2022 at 11:15:36 UTC",1642677336,"117,072,004","117,503,999","Jan 23, 2022 at 18:42:03 UTC",1642963323
272,271,273,"117,504,000","117,935,999","Jan 23, 2022 at 18:42:04 UTC",1642963324,"117,504,000","117,935,999","Jan 26, 2022 at 14:28:57 UTC",1643207337
273,272,274,"117,936,000","118,367,999","Jan 26, 2022 at 14:29:00 UTC",1643207340,"117,936,008","118,367,999","Jan 29, 2022 at 10:45:34 UTC",1643453134
274,273,275,"118,368,000","118,799,999","Jan 29, 2022 at 10:45:35 UTC",1643453135,"118,368,000","118,799,999","Feb 1, 2022 at 06:03:22 UTC",1643695402
275,274,276,"118,800,000","119,231,999","Feb 1, 2022 at 06:03:22 UTC",1643695402,"118,800,000","119,231,999","Feb 4, 2022 at 02:33:45 UTC",1643942025
276,275,277,"119,232,000","119,663,999","Feb 4, 2022 at 02:33:47 UTC",1643942027,"119,232,004","119,663,999","Feb 6, 2022 at 21:40:47 UTC",1644183647
277,276,278,"119,664,000","120,095,999","Feb 6, 2022 at 21:40:48 UTC",1644183648,"119,664,000","120,095,999","Feb 9, 2022 at 19:26:38 UTC",1644434798
278,277,279,"120,096,000","120,527,999","Feb 9, 2022 at 19:26:40 UTC",1644434800,"120,096,004","120,527,999","Feb 12, 2022 at 17:28:02 UTC",1644686882
279,278,280,"120,528,000","120,959,999","Feb 12, 2022 at 17:28:05 UTC",1644686885,"120,528,008","120,959,999","Feb 15, 2022 at 14:56:07 UTC",1644936967
280,279,281,"120,960,000","121,391,999","Feb 15, 2022 at 14:56:11 UTC",1644936971,"120,960,008","121,391,999","Feb 18, 2022 at 12:14:27 UTC",1645186467
281,280,282,"121,392,000","121,823,999","Feb 18, 2022 at 12:14:28 UTC",1645186468,"121,392,000","121,823,999","Feb 21, 2022 at 10:45:20 UTC",1645440320
282,281,283,"121,824,000","122,255,999","Feb 21, 2022 at 10:45:21 UTC",1645440321,"121,824,000","122,255,999","Feb 24, 2022 at 09:36:58 UTC",1645695418
283,282,284,"122,256,000","122,687,999","Feb 24, 2022 at 09:37:00 UTC",1645695420,"122,256,004","122,687,999","Feb 27, 2022 at 08:35:40 UTC",1645950940
284,283,285,"122,688,000","123,119,999","Feb 27, 2022 at 08:35:41 UTC",1645950941,"122,688,000","123,119,999","Mar 2, 2022 at 08:02:04 UTC",1646208124
285,284,286,"123,120,000","123,551,999","Mar 2, 2022 at 08:02:05 UTC",1646208125,"123,120,000","123,551,999","Mar 5, 2022 at 07:12:21 UTC",1646464341
286,285,287,"123,552,000","123,983,999","Mar 5, 2022 at 07:12:23 UTC",1646464343,"123,552,004","123,983,999","Mar 8, 2022 at 05:53:15 UTC",1646718795
287,286,288,"123,984,000","124,415,999","Mar 8, 2022 at 05:53:15 UTC",1646718795,"123,984,000","124,415,999","Mar 11, 2022 at 06:22:59 UTC",1646979779
288,287,289,"124,416,000","124,847,999","Mar 11, 2022 at 06:23:00 UTC",1646979780,"124,416,000","124,847,999","Mar 14, 2022 at 03:29:18 UTC",1647228558
289,288,290,"124,848,000","125,279,999","Mar 14, 2022 at 03:29:18 UTC",1647228558,"124,848,000","125,279,999","Mar 17, 2022 at 00:10:33 UTC",1647475833
290,289,291,"125,280,000","125,711,999","Mar 17, 2022 at 00:10:34 UTC",1647475834,"125,280,000","125,711,999","Mar 19, 2022 at 18:20:00 UTC",1647714000
291,290,292,"125,712,000","126,143,999","Mar 19, 2022 at 18:20:02 UTC",1647714002,"125,712,004","126,143,999","Mar 22, 2022 at 13:28:49 UTC",1647955729
292,291,293,"126,144,000","126,575,999","Mar 22, 2022 at 13:28:50 UTC",1647955730,"126,144,000","126,575,999","Mar 25, 2022 at 07:43:23 UTC",1648194203
293,292,294,"126,576,000","127,007,999","Mar 25, 2022 at 07:43:25 UTC",1648194205,"126,576,004","127,007,999","Mar 28, 2022 at 01:34:42 UTC",1648431282
294,293,295,"127,008,000","127,439,999","Mar 28, 2022 at 01:34:43 UTC",1648431283,"127,008,000","127,439,999","Mar 30, 2022 at 19:01:45 UTC",1648666905
295,294,296,"127,440,000","127,871,999","Mar 30, 2022 at 19:01:45 UTC",1648666905,"127,440,000","127,871,999","Apr 2, 2022 at 13:36:59 UTC",1648906619
296,295,297,"127,872,000","128,303,999","Apr 2, 2022 at 13:37:01 UTC",1648906621,"127,872,004","128,303,999","Apr 5, 2022 at 07:45:34 UTC",1649144734
297,296,298,"128,304,000","128,735,999","Apr 5, 2022 at 07:45:34 UTC",1649144734,"128,304,000","128,735,999","Apr 8, 2022 at 04:44:50 UTC",1649393090
298,297,299,"128,736,000","129,167,999","Apr 8, 2022 at 04:44:54 UTC",1649393094,"128,736,008","129,167,999","Apr 10, 2022 at 23:25:53 UTC",1649633153
299,298,300,"129,168,000","129,599,999","Apr 10, 2022 at 23:25:53 UTC",1649633153,"129,168,000","129,599,999","Apr 13, 2022 at 20:10:48 UTC",1649880648
300,299,301,"129,600,000","130,031,999","Apr 13, 2022 at 20:10:49 UTC",1649880649,"129,600,004","130,031,999","Apr 16, 2022 at 18:13:10 UTC",1650132790
301,300,302,"130,032,000","130,463,999","Apr 16, 2022 at 18:13:11 UTC",1650132791,"130,032,004","130,463,999","Apr 19, 2022 at 20:21:46 UTC",1650399706
302,301,303,"130,464,000","130,895,999","Apr 19, 2022 at 20:21:47 UTC",1650399707,"130,464,000","130,895,999","Apr 22, 2022 at 20:34:29 UTC",1650659669
303,302,304,"130,896,000","131,327,999","Apr 22, 2022 at 20:34:29 UTC",1650659669,"130,896,000","131,327,999","Apr 25, 2022 at 22:13:08 UTC",1650924788
304,303,305,"131,328,000","131,759,999","Apr 25, 2022 at 22:13:09 UTC",1650924789,"131,328,000","131,759,991","Apr 29, 2022 at 04:25:57 UTC",1651206357
305,304,306,"131,760,000","132,191,999","Apr 29, 2022 at 04:26:01 UTC",1651206361,"131,760,000","132,191,999","May 2, 2022 at 16:50:18 UTC",1651510218
306,305,307,"132,192,000","132,623,999","May 2, 2022 at 16:50:20 UTC",1651510220,"132,192,004","132,623,999","May 5, 2022 at 18:19:44 UTC",1651774784
307,306,308,"132,624,000","133,055,999","May 5, 2022 at 18:19:45 UTC",1651774785,"132,624,000","133,055,999","May 8, 2022 at 21:12:27 UTC",1652044347
308,307,309,"133,056,000","133,487,999","May 8, 2022 at 21:12:32 UTC",1652044352,"133,056,012","133,487,999","May 12, 2022 at 06:07:53 UTC",1652335673
309,308,310,"133,488,000","133,919,999","May 12, 2022 at 06:07:55 UTC",1652335675,"133,488,000","133,919,999","May 15, 2022 at 17:00:53 UTC",1652634053
310,309,311,"133,920,000","134,351,999","May 15, 2022 at 17:00:56 UTC",1652634056,"133,920,008","134,351,999","May 19, 2022 at 03:44:47 UTC",1652931887
311,310,312,"134,352,000","134,783,999","May 19, 2022 at 03:44:51 UTC",1652931891,"134,352,008","134,783,999","May 22, 2022 at 12:23:39 UTC",1653222219
312,311,313,"134,784,000","135,215,999","May 22, 2022 at 12:23:42 UTC",1653222222,"134,784,004","135,215,999","May 26, 2022 at 02:47:40 UTC",1653533260
313,312,314,"135,216,000","135,647,999","May 26, 2022 at 02:47:44 UTC",1653533264,"135,216,004","135,647,999","May 29, 2022 at 17:11:42 UTC",1653844302
314,313,315,"135,648,000","136,079,999","May 29, 2022 at 17:11:46 UTC",1653844306,"135,648,004","136,079,999","Jun 2, 2022 at 07:35:44 UTC",1654155344
315,314,316,"136,080,000","136,511,999","Jun 2, 2022 at 07:35:46 UTC",1654155346,"136,080,000","136,511,995","Jun 5, 2022 at 21:59:42 UTC",1654466382
316,315,317,"136,512,000","136,943,999","Jun 6, 2022 at 02:26:51 UTC",1654482411,"136,512,012","136,943,999","Jun 9, 2022 at 18:50:41 UTC",1654800641
317,316,318,"136,944,000","137,375,999","Jun 9, 2022 at 18:50:45 UTC",1654800645,"136,944,004","137,375,999","Jun 13, 2022 at 06:50:23 UTC",1655103023
318,317,319,"137,376,000","137,807,999","Jun 13, 2022 at 06:50:30 UTC",1655103030,"137,376,016","137,807,999","Jun 16, 2022 at 21:44:15 UTC",1655415855
319,318,320,"137,808,000","138,239,999","Jun 16, 2022 at 21:44:21 UTC",1655415861,"137,808,012","138,239,999","Jun 20, 2022 at 04:39:11 UTC",1655699951
320,319,321,"138,240,000","138,671,999","Jun 20, 2022 at 04:39:12 UTC",1655699952,"138,240,000","138,671,999","Jun 23, 2022 at 07:29:32 UTC",1655969372
321,320,322,"138,672,000","139,103,999","Jun 23, 2022 at 07:29:33 UTC",1655969373,"138,672,000","139,103,999","Jun 26, 2022 at 13:44:01 UTC",1656251041
322,321,323,"139,104,000","139,535,999","Jun 26, 2022 at 13:44:01 UTC",1656251041,"139,104,000","139,535,999","Jun 29, 2022 at 16:36:19 UTC",1656520579
323,322,324,"139,536,000","139,967,999","Jun 29, 2022 at 16:36:20 UTC",1656520580,"139,536,000","139,967,999","Jul 2, 2022 at 22:08:23 UTC",1656799703
324,323,325,"139,968,000","140,399,999","Jul 2, 2022 at 22:08:24 UTC",1656799704,"139,968,000","140,399,999","Jul 6, 2022 at 03:09:11 UTC",1657076951
325,324,326,"140,400,000","140,831,999","Jul 6, 2022 at 03:09:12 UTC",1657076952,"140,400,004","140,831,999","Jul 9, 2022 at 09:04:56 UTC",1657357496
326,325,327,"140,832,000","141,263,999","Jul 9, 2022 at 09:04:57 UTC",1657357497,"140,832,000","141,263,999","Jul 12, 2022 at 10:26:26 UTC",1657621586
327,326,328,"141,264,000","141,695,999","Jul 12, 2022 at 10:26:30 UTC",1657621590,"141,264,004","141,695,999","Jul 15, 2022 at 12:02:04 UTC",1657886524
328,327,329,"141,696,000","142,127,999","Jul 15, 2022 at 12:02:05 UTC",1657886525,"141,696,000","142,127,999","Jul 18, 2022 at 19:09:28 UTC",1658171368
329,328,330,"142,128,000","142,559,999","Jul 18, 2022 at 19:09:28 UTC",1658171368,"142,128,000","142,559,999","Jul 21, 2022 at 21:56:34 UTC",1658440594
330,329,331,"142,560,000","142,991,999","Jul 21, 2022 at 21:56:38 UTC",1658440598,"142,560,008","142,991,999","Jul 24, 2022 at 19:20:02 UTC",1658690402
331,330,332,"142,992,000","143,423,999","Jul 24, 2022 at 19:20:03 UTC",1658690403,"142,992,004","143,423,999","Jul 27, 2022 at 21:26:13 UTC",1658957173
332,331,333,"143,424,000","143,855,999","Jul 27, 2022 at 21:26:15 UTC",1658957175,"143,424,004","143,855,999","Jul 30, 2022 at 22:22:27 UTC",1659219747
333,332,334,"143,856,000","144,287,999","Jul 30, 2022 at 22:22:28 UTC",1659219748,"143,856,000","144,287,999","Aug 3, 2022 at 00:02:47 UTC",1659484967
334,333,335,"144,288,000","144,719,999","Aug 3, 2022 at 00:02:48 UTC",1659484968,"144,288,004","144,719,999","Aug 5, 2022 at 22:37:47 UTC",1659739067
335,334,336,"144,720,000","145,151,999","Aug 5, 2022 at 22:37:49 UTC",1659739069,"144,720,004","145,151,999","Aug 8, 2022 at 20:21:33 UTC",1659990093
336,335,337,"145,152,000","145,583,999","Aug 8, 2022 at 20:21:34 UTC",1659990094,"145,152,000","145,583,999","Aug 11, 2022 at 23:19:09 UTC",1660259949
337,336,338,"145,584,000","146,015,999","Aug 11, 2022 at 23:19:15 UTC",1660259955,"145,584,012","146,015,999","Aug 14, 2022 at 23:56:48 UTC",1660521408
338,337,339,"146,016,000","146,447,999","Aug 14, 2022 at 23:56:52 UTC",1660521412,"146,016,008","146,447,999","Aug 17, 2022 at 23:06:55 UTC",1660777615
339,338,340,"146,448,000","146,879,999","Aug 17, 2022 at 23:06:55 UTC",1660777615,"146,448,000","146,879,999","Aug 20, 2022 at 19:28:58 UTC",1661023738
340,339,341,"146,880,000","147,311,999","Aug 20, 2022 at 19:29:00 UTC",1661023740,"146,880,004","147,311,999","Aug 23, 2022 at 15:51:57 UTC",1661269917
341,340,342,"147,312,000","147,743,999","Aug 23, 2022 at 15:51:57 UTC",1661269917,"147,312,001","147,743,999","Aug 26, 2022 at 15:29:10 UTC",1661527750
342,341,343,"147,744,000","148,175,999","Aug 26, 2022 at 15:29:12 UTC",1661527752,"147,744,004","148,175,995","Aug 29, 2022 at 09:13:04 UTC",1661764384
343,342,344,"148,176,000","148,607,999","Aug 29, 2022 at 09:13:09 UTC",1661764389,"148,176,004","148,607,999","Sep 1, 2022 at 05:58:26 UTC",1662011906
344,343,345,"148,608,000","149,039,999","Sep 1, 2022 at 05:58:27 UTC",1662011907,"148,608,004","149,039,999","Sep 4, 2022 at 00:41:54 UTC",1662252114
345,344,346,"149,040,000","149,471,999","Sep 4, 2022 at 00:41:56 UTC",1662252116,"149,040,004","149,471,999","Sep 6, 2022 at 19:28:45 UTC",1662492525
346,345,347,"149,472,000","149,903,999","Sep 6, 2022 at 19:28:47 UTC",1662492527,"149,472,004","149,903,999","Sep 9, 2022 at 16:16:07 UTC",1662740167
347,346,348,"149,904,000","150,335,999","Sep 9, 2022 at 16:16:09 UTC",1662740169,"149,904,004","150,335,999","Sep 12, 2022 at 13:15:15 UTC",1662988515
348,347,349,"150,336,000","150,767,999","Sep 12, 2022 at 13:15:16 UTC",1662988516,"150,336,000","150,767,999","Sep 15, 2022 at 10:29:27 UTC",1663237767
349,348,350,"150,768,000","151,199,999","Sep 15, 2022 at 10:29:27 UTC",1663237767,"150,768,000","151,199,999","Sep 18, 2022 at 08:26:44 UTC",1663489604
350,349,351,"151,200,000","151,631,999","Sep 18, 2022 at 08:26:46 UTC",1663489606,"151,200,004","151,631,999","Sep 21, 2022 at 04:40:05 UTC",1663735205
351,350,352,"151,632,000","152,063,999","Sep 21, 2022 at 04:40:11 UTC",1663735211,"151,632,012","152,063,999","Sep 24, 2022 at 00:20:14 UTC",1663978814
352,351,353,"152,064,000","152,495,999","Sep 24, 2022 at 00:20:16 UTC",1663978816,"152,064,004","152,495,999","Sep 26, 2022 at 15:11:46 UTC",1664205106
353,352,354,"152,496,000","152,927,999","Sep 26, 2022 at 15:11:46 UTC",1664205106,"152,496,000","152,927,999","Sep 29, 2022 at 10:56:46 UTC",1664449006
354,353,355,"152,928,000","153,359,999","Sep 29, 2022 at 10:56:49 UTC",1664449009,"152,928,008","153,359,999","Oct 2, 2022 at 15:11:33 UTC",1664723493
355,354,356,"153,360,000","153,791,999","Oct 2, 2022 at 15:11:34 UTC",1664723494,"153,360,000","153,791,999","Oct 5, 2022 at 11:38:15 UTC",1664969895
356,355,357,"153,792,000","154,223,999","Oct 5, 2022 at 11:38:17 UTC",1664969897,"153,792,004","154,223,999","Oct 8, 2022 at 01:58:43 UTC",1665194323
357,356,358,"154,224,000","154,655,999","Oct 8, 2022 at 01:58:43 UTC",1665194323,"154,224,000","154,655,999","Oct 10, 2022 at 14:35:54 UTC",1665412554
358,357,359,"154,656,000","155,087,999","Oct 10, 2022 at 14:35:56 UTC",1665412556,"154,656,004","155,087,999","Oct 13, 2022 at 08:03:21 UTC",1665648201
359,358,360,"155,088,000","155,519,999","Oct 13, 2022 at 08:03:23 UTC",1665648203,"155,088,004","155,519,999","Oct 15, 2022 at 21:02:52 UTC",1665867772
360,359,361,"155,520,000","155,951,999","Oct 15, 2022 at 21:02:52 UTC",1665867772,"155,520,000","155,951,999","Oct 18, 2022 at 05:41:18 UTC",1666071678
361,360,362,"155,952,000","156,383,999","Oct 18, 2022 at 05:41:19 UTC",1666071679,"155,952,004","156,383,999","Oct 20, 2022 at 15:24:26 UTC",1666279466
362,361,363,"156,384,000","156,815,999","Oct 20, 2022 at 15:24:27 UTC",1666279467,"156,384,000","156,815,999","Oct 22, 2022 at 21:11:42 UTC",1666473102
363,362,364,"156,816,000","157,247,999","Oct 22, 2022 at 21:11:44 UTC",1666473104,"156,816,004","157,247,999","Oct 25, 2022 at 02:12:57 UTC",1666663977
364,363,365,"157,248,000","157,679,999","Oct 25, 2022 at 02:12:59 UTC",1666663979,"157,248,004","157,679,999","Oct 27, 2022 at 09:04:00 UTC",1666861440
365,364,366,"157,680,000","158,111,999","Oct 27, 2022 at 09:04:06 UTC",1666861446,"157,680,012","158,111,999","Oct 29, 2022 at 15:21:38 UTC",1667056898
366,365,367,"158,112,000","158,543,999","Oct 29, 2022 at 15:21:39 UTC",1667056899,"158,112,000","158,543,999","Oct 31, 2022 at 22:25:20 UTC",1667255120
367,366,368,"158,544,000","158,975,999","Oct 31, 2022 at 22:25:21 UTC",1667255121,"158,544,004","158,975,999","Nov 3, 2022 at 05:20:05 UTC",1667452805
368,367,369,"158,976,000","159,407,999","Nov 3, 2022 at 05:20:12 UTC",1667452812,"158,976,016","159,407,999","Nov 5, 2022 at 11:03:58 UTC",1667646238
369,368,370,"159,408,000","159,839,999","Nov 5, 2022 at 11:03:59 UTC",1667646239,"159,408,000","159,839,999","Nov 7, 2022 at 19:11:54 UTC",1667848314
370,369,371,"159,840,000","160,271,999","Nov 7, 2022 at 19:11:55 UTC",1667848315,"159,840,001","160,271,999","Nov 10, 2022 at 08:33:16 UTC",1668069196
371,370,372,"160,272,000","160,703,999","Nov 10, 2022 at 08:33:19 UTC",1668069199,"160,272,008","160,703,999","Nov 12, 2022 at 22:20:28 UTC",1668291628
372,371,373,"160,704,000","161,135,999","Nov 12, 2022 at 22:20:33 UTC",1668291633,"160,704,012","161,135,999","Nov 15, 2022 at 07:53:39 UTC",1668498819
373,372,374,"161,136,000","161,567,999","Nov 15, 2022 at 07:53:40 UTC",1668498820,"161,136,000","161,567,999","Nov 17, 2022 at 15:21:25 UTC",1668698485
374,373,375,"161,568,000","161,999,999","Nov 17, 2022 at 15:21:26 UTC",1668698486,"161,568,000","161,999,995","Nov 19, 2022 at 20:43:49 UTC",1668890629
375,374,376,"162,000,000","162,431,999","Nov 19, 2022 at 20:43:55 UTC",1668890635,"162,000,008","162,431,999","Nov 22, 2022 at 02:33:22 UTC",1669084402
376,375,377,"162,432,000","162,863,999","Nov 22, 2022 at 02:33:23 UTC",1669084403,"162,432,000","162,863,999","Nov 24, 2022 at 08:31:21 UTC",1669278681
377,376,378,"162,864,000","163,295,999","Nov 24, 2022 at 08:31:27 UTC",1669278687,"162,864,012","163,295,999","Nov 26, 2022 at 13:23:21 UTC",1669469001
378,377,379,"163,296,000","163,727,999","Nov 26, 2022 at 13:23:21 UTC",1669469001,"163,296,000","163,727,999","Nov 28, 2022 at 18:06:51 UTC",1669658811
379,378,380,"163,728,000","164,159,999","Nov 28, 2022 at 18:06:55 UTC",1669658815,"163,728,008","164,159,999","Nov 30, 2022 at 22:52:02 UTC",1669848722
380,379,381,"164,160,000","164,591,999","Nov 30, 2022 at 22:52:03 UTC",1669848723,"164,160,000","164,591,999","Dec 3, 2022 at 03:44:50 UTC",1670039090
381,380,382,"164,592,000","165,023,999","Dec 3, 2022 at 03:44:51 UTC",1670039091,"164,592,000","165,023,999","Dec 5, 2022 at 08:25:09 UTC",1670228709
382,381,383,"165,024,000","165,455,999","Dec 5, 2022 at 08:25:11 UTC",1670228711,"165,024,004","165,455,999","Dec 7, 2022 at 13:00:10 UTC",1670418010
383,382,384,"165,456,000","165,887,999","Dec 7, 2022 at 13:00:11 UTC",1670418011,"165,456,000","165,887,999","Dec 9, 2022 at 17:47:09 UTC",1670608029
384,383,385,"165,888,000","166,319,999","Dec 9, 2022 at 17:47:15 UTC",1670608035,"165,888,012","166,319,999","Dec 11, 2022 at 22:13:00 UTC",1670796780
385,384,386,"166,320,000","166,751,999","Dec 11, 2022 at 22:13:02 UTC",1670796782,"166,320,004","166,751,999","Dec 14, 2022 at 03:21:47 UTC",1670988107
386,385,387,"166,752,000","167,183,999","Dec 14, 2022 at 03:21:51 UTC",1670988111,"166,752,008","167,183,999","Dec 16, 2022 at 09:06:12 UTC",1671181572
387,386,388,"167,184,000","167,615,999","Dec 16, 2022 at 09:06:16 UTC",1671181576,"167,184,008","167,615,999","Dec 18, 2022 at 14:48:13 UTC",1671374893
388,387,389,"167,616,000","168,047,999","Dec 18, 2022 at 14:48:14 UTC",1671374894,"167,616,000","168,047,999","Dec 20, 2022 at 20:27:51 UTC",1671568071
389,388,390,"168,048,000","168,479,999","Dec 20, 2022 at 20:28:00 UTC",1671568080,"168,048,020","168,479,999","Dec 23, 2022 at 02:21:33 UTC",1671762093
390,389,391,"168,480,000","168,911,999","Dec 23, 2022 at 02:21:35 UTC",1671762095,"168,480,004","168,911,995","Dec 25, 2022 at 08:36:19 UTC",1671957379
391,390,392,"168,912,000","169,343,999","Dec 25, 2022 at 08:36:21 UTC",1671957381,"168,912,000","169,343,999","Dec 27, 2022 at 15:03:28 UTC",1672153408
392,391,393,"169,344,000","169,775,999","Dec 27, 2022 at 15:03:30 UTC",1672153410,"169,344,004","169,775,999","Dec 29, 2022 at 22:38:07 UTC",1672353487
393,392,394,"169,776,000","170,207,999","Dec 29, 2022 at 22:38:10 UTC",1672353490,"169,776,008","170,207,999","Jan 1, 2023 at 06:34:00 UTC",1672554840
394,393,395,"170,208,000","170,639,999","Jan 1, 2023 at 06:34:04 UTC",1672554844,"170,208,008","170,639,999","Jan 3, 2023 at 17:14:08 UTC",1672766048
395,394,396,"170,640,000","171,071,999","Jan 3, 2023 at 17:14:08 UTC",1672766048,"170,640,000","171,071,999","Jan 6, 2023 at 07:55:36 UTC",1672991736
396,395,397,"171,072,000","171,503,999","Jan 6, 2023 at 07:55:41 UTC",1672991741,"171,072,012","171,503,999","Jan 8, 2023 at 22:54:08 UTC",1673218448
397,396,398,"171,504,000","171,935,999","Jan 8, 2023 at 22:54:09 UTC",1673218449,"171,504,000","171,935,999","Jan 11, 2023 at 12:55:47 UTC",1673441747
398,397,399,"171,936,000","172,367,999","Jan 11, 2023 at 12:55:47 UTC",1673441747,"171,936,000","172,367,999","Jan 14, 2023 at 01:49:18 UTC",1673660958
399,398,400,"172,368,000","172,799,999","Jan 14, 2023 at 01:49:21 UTC",1673660961,"172,368,008","172,799,999","Jan 16, 2023 at 14:02:18 UTC",1673877738
400,399,401,"172,800,000","173,231,999","Jan 16, 2023 at 14:02:26 UTC",1673877746,"172,800,020","173,231,999","Jan 19, 2023 at 02:49:25 UTC",1674096565
401,400,402,"173,232,000","173,663,999","Jan 19, 2023 at 02:49:29 UTC",1674096569,"173,232,008","173,663,999","Jan 21, 2023 at 16:26:40 UTC",1674318400
402,401,403,"173,664,000","174,095,999","Jan 21, 2023 at 16:26:48 UTC",1674318408,"173,664,020","174,095,999","Jan 24, 2023 at 05:26:35 UTC",1674537995
403,402,404,"174,096,000","174,527,999","Jan 24, 2023 at 05:26:36 UTC",1674537996,"174,096,000","174,527,999","Jan 26, 2023 at 18:23:51 UTC",1674757431
404,403,405,"174,528,000","174,959,999","Jan 26, 2023 at 18:23:53 UTC",1674757433,"174,528,004","174,959,999","Jan 29, 2023 at 07:00:43 UTC",1674975643
405,404,406,"174,960,000","175,391,999","Jan 29, 2023 at 07:00:43 UTC",1674975643,"174,960,000","175,391,999","Jan 31, 2023 at 22:43:45 UTC",1675205025
406,405,407,"175,392,000","175,823,999","Jan 31, 2023 at 22:43:50 UTC",1675205030,"175,392,012","175,823,999","Feb 3, 2023 at 13:04:14 UTC",1675429454
407,406,408,"175,824,000","176,255,999","Feb 3, 2023 at 13:04:14 UTC",1675429454,"175,824,000","176,255,999","Feb 6, 2023 at 01:11:16 UTC",1675645876
408,407,409,"176,256,000","176,687,999","Feb 6, 2023 at 01:11:17 UTC",1675645877,"176,256,000","176,687,999","Feb 8, 2023 at 11:17:54 UTC",1675855074
409,408,410,"176,688,000","177,119,999","Feb 8, 2023 at 11:17:54 UTC",1675855074,"176,688,000","177,119,999","Feb 11, 2023 at 00:29:33 UTC",1676075373
410,409,411,"177,120,000","177,551,999","Feb 11, 2023 at 00:29:35 UTC",1676075375,"177,120,004","177,551,999","Feb 13, 2023 at 11:38:56 UTC",1676288336
411,410,412,"177,552,000","177,983,999","Feb 13, 2023 at 11:39:00 UTC",1676288340,"177,552,008","177,983,999","Feb 16, 2023 at 00:31:54 UTC",1676507514
412,411,413,"177,984,000","178,415,999","Feb 16, 2023 at 00:32:04 UTC",1676507524,"177,984,024","178,415,999","Feb 18, 2023 at 14:50:54 UTC",1676731854
413,412,414,"178,416,000","178,847,999","Feb 18, 2023 at 14:50:55 UTC",1676731855,"178,416,004","178,847,999","Feb 21, 2023 at 04:30:03 UTC",1676953803
414,413,415,"178,848,000","179,279,999","Feb 21, 2023 at 04:30:05 UTC",1676953805,"178,848,004","179,279,999","Feb 23, 2023 at 18:03:15 UTC",1677175395
415,414,416,"179,280,000","179,711,999","Feb 23, 2023 at 18:03:20 UTC",1677175400,"179,280,012","179,711,999","Feb 27, 2023 at 00:58:25 UTC",1677459505
416,415,417,"179,712,000","180,143,999","Feb 27, 2023 at 00:58:27 UTC",1677459507,"179,712,004","180,143,999","Mar 1, 2023 at 10:16:49 UTC",1677665809
417,416,418,"180,144,000","180,575,999","Mar 1, 2023 at 10:16:50 UTC",1677665810,"180,144,000","180,575,999","Mar 3, 2023 at 19:09:56 UTC",1677870596
418,417,419,"180,576,000","181,007,999","Mar 3, 2023 at 19:09:56 UTC",1677870596,"180,576,000","181,007,999","Mar 6, 2023 at 03:15:42 UTC",1678072542
419,418,420,"181,008,000","181,439,999","Mar 6, 2023 at 03:15:44 UTC",1678072544,"181,008,004","181,439,999","Mar 8, 2023 at 11:38:42 UTC",1678275522
420,419,421,"181,440,000","181,871,999","Mar 8, 2023 at 11:38:45 UTC",1678275525,"181,440,008","181,871,999","Mar 10, 2023 at 20:57:01 UTC",1678481821
421,420,422,"181,872,000","182,303,999","Mar 10, 2023 at 20:57:05 UTC",1678481825,"181,872,008","182,303,999","Mar 13, 2023 at 05:36:43 UTC",1678685803
422,421,423,"182,304,000","182,735,999","Mar 13, 2023 at 05:36:43 UTC",1678685803,"182,304,000","182,735,999","Mar 15, 2023 at 14:21:16 UTC",1678890076
423,422,424,"182,736,000","183,167,999","Mar 15, 2023 at 14:21:16 UTC",1678890076,"182,736,000","183,167,999","Mar 17, 2023 at 22:48:00 UTC",1679093280
424,423,425,"183,168,000","183,599,999","Mar 17, 2023 at 22:48:02 UTC",1679093282,"183,168,004","183,599,999","Mar 20, 2023 at 05:19:31 UTC",1679289571
425,424,426,"183,600,000","184,031,999","Mar 20, 2023 at 05:19:32 UTC",1679289572,"183,600,004","184,031,999","Mar 22, 2023 at 12:35:34 UTC",1679488534
426,425,427,"184,032,000","184,463,999","Mar 22, 2023 at 12:35:35 UTC",1679488535,"184,032,000","184,463,999","Mar 24, 2023 at 20:11:17 UTC",1679688677
427,426,428,"184,464,000","184,895,999","Mar 24, 2023 at 20:11:19 UTC",1679688679,"184,464,004","184,895,999","Mar 27, 2023 at 02:30:29 UTC",1679884229
428,427,429,"184,896,000","185,327,999","Mar 27, 2023 at 02:30:30 UTC",1679884230,"184,896,000","185,327,999","Mar 29, 2023 at 09:03:06 UTC",1680080586
429,428,430,"185,328,000","185,759,999","Mar 29, 2023 at 09:03:07 UTC",1680080587,"185,328,000","185,759,999","Mar 31, 2023 at 15:52:33 UTC",1680277953
430,429,431,"185,760,000","186,191,999","Mar 31, 2023 at 15:52:35 UTC",1680277955,"185,760,004","186,191,999","Apr 2, 2023 at 22:55:30 UTC",1680476130
431,430,432,"186,192,000","186,623,999","Apr 2, 2023 at 22:55:33 UTC",1680476133,"186,192,008","186,623,999","Apr 5, 2023 at 06:03:49 UTC",1680674629
432,431,433,"186,624,000","187,055,999","Apr 5, 2023 at 06:03:50 UTC",1680674630,"186,624,000","187,055,999","Apr 7, 2023 at 12:45:47 UTC",1680871547
433,432,434,"187,056,000","187,487,999","Apr 7, 2023 at 12:45:48 UTC",1680871548,"187,056,000","187,487,999","Apr 9, 2023 at 19:11:21 UTC",1681067481
434,433,435,"187,488,000","187,919,999","Apr 9, 2023 at 19:11:22 UTC",1681067482,"187,488,004","187,919,999","Apr 12, 2023 at 02:12:55 UTC",1681265575
435,434,436,"187,920,000","188,351,999","Apr 12, 2023 at 02:12:56 UTC",1681265576,"187,920,004","188,351,999","Apr 14, 2023 at 09:50:39 UTC",1681465839
436,435,437,"188,352,000","188,783,999","Apr 14, 2023 at 09:50:40 UTC",1681465840,"188,352,000","188,783,999","Apr 16, 2023 at 16:54:07 UTC",1681664047
437,436,438,"188,784,000","189,215,999","Apr 16, 2023 at 16:54:08 UTC",1681664048,"188,784,000","189,215,999","Apr 19, 2023 at 00:44:46 UTC",1681865086
438,437,439,"189,216,000","189,647,999","Apr 19, 2023 at 00:44:47 UTC",1681865087,"189,216,000","189,647,999","Apr 21, 2023 at 10:27:58 UTC",1682072878
439,438,440,"189,648,000","190,079,999","Apr 21, 2023 at 10:27:59 UTC",1682072879,"189,648,000","190,079,999","Apr 23, 2023 at 18:34:14 UTC",1682274854
440,439,441,"190,080,000","190,511,999","Apr 23, 2023 at 18:34:15 UTC",1682274855,"190,080,000","190,511,999","Apr 26, 2023 at 02:29:06 UTC",1682476146
441,440,442,"190,512,000","190,943,999","Apr 26, 2023 at 02:29:07 UTC",1682476147,"190,512,000","190,943,999","Apr 28, 2023 at 10:15:31 UTC",1682676931
442,441,443,"190,944,000","191,375,999","Apr 28, 2023 at 10:15:33 UTC",1682676933,"190,944,004","191,375,999","Apr 30, 2023 at 17:51:25 UTC",1682877085
443,442,444,"191,376,000","191,807,999","Apr 30, 2023 at 17:51:27 UTC",1682877087,"191,376,004","191,807,999","May 3, 2023 at 01:46:09 UTC",1683078369
444,443,445,"191,808,000","192,239,999","May 3, 2023 at 01:46:10 UTC",1683078370,"191,808,000","192,239,999","May 5, 2023 at 11:08:22 UTC",1683284902
445,444,446,"192,240,000","192,671,999","May 5, 2023 at 11:08:22 UTC",1683284902,"192,240,000","192,671,999","May 7, 2023 at 20:17:56 UTC",1683490676
446,445,447,"192,672,000","193,103,999","May 7, 2023 at 20:17:56 UTC",1683490676,"192,672,001","193,103,999","May 10, 2023 at 05:30:47 UTC",1683696647
447,446,448,"193,104,000","193,535,999","May 10, 2023 at 05:30:48 UTC",1683696648,"193,104,004","193,535,999","May 12, 2023 at 16:11:39 UTC",1683907899
448,447,449,"193,536,000","193,967,999","May 12, 2023 at 16:11:40 UTC",1683907900,"193,536,000","193,967,999","May 15, 2023 at 01:35:08 UTC",1684114508
449,448,450,"193,968,000","194,399,999","May 15, 2023 at 01:35:09 UTC",1684114509,"193,968,000","194,399,999","May 17, 2023 at 10:46:18 UTC",1684320378
450,449,451,"194,400,000","194,831,999","May 17, 2023 at 10:46:20 UTC",1684320380,"194,400,004","194,831,999","May 19, 2023 at 19:48:39 UTC",1684525719
451,450,452,"194,832,000","195,263,999","May 19, 2023 at 19:48:41 UTC",1684525721,"194,832,004","195,263,999","May 22, 2023 at 03:55:40 UTC",1684727740
452,451,453,"195,264,000","195,695,999","May 22, 2023 at 03:55:41 UTC",1684727741,"195,264,000","195,695,999","May 24, 2023 at 11:28:37 UTC",1684927717
453,452,454,"195,696,000","196,127,999","May 24, 2023 at 11:28:40 UTC",1684927720,"195,696,008","196,127,999","May 26, 2023 at 20:58:51 UTC",1685134731
454,453,455,"196,128,000","196,559,999","May 26, 2023 at 20:58:55 UTC",1685134735,"196,128,008","196,559,999","May 29, 2023 at 04:31:33 UTC",1685334693
455,454,456,"196,560,000","196,991,999","May 29, 2023 at 04:31:34 UTC",1685334694,"196,560,000","196,991,999","May 31, 2023 at 12:32:14 UTC",1685536334
456,455,457,"196,992,000","197,423,999","May 31, 2023 at 12:32:15 UTC",1685536335,"196,992,000","197,423,999","Jun 2, 2023 at 21:25:09 UTC",1685741109
457,456,458,"197,424,000","197,855,999","Jun 2, 2023 at 21:25:13 UTC",1685741113,"197,424,008","197,855,999","Jun 5, 2023 at 05:40:21 UTC",1685943621
458,457,459,"197,856,000","198,287,999","Jun 5, 2023 at 05:40:22 UTC",1685943622,"197,856,000","198,287,999","Jun 7, 2023 at 14:44:57 UTC",1686149097
459,458,460,"198,288,000","198,719,999","Jun 7, 2023 at 14:44:58 UTC",1686149098,"198,288,004","198,719,999","Jun 9, 2023 at 23:58:03 UTC",1686355083
460,459,461,"198,720,000","199,151,999","Jun 9, 2023 at 23:58:05 UTC",1686355085,"198,720,004","199,151,999","Jun 12, 2023 at 11:38:34 UTC",1686569914
461,460,462,"199,152,000","199,583,999","Jun 12, 2023 at 11:38:35 UTC",1686569915,"199,152,000","199,583,999","Jun 14, 2023 at 20:55:44 UTC",1686776144
462,461,463,"199,584,000","200,015,999","Jun 14, 2023 at 20:55:45 UTC",1686776145,"199,584,000","200,015,999","Jun 17, 2023 at 03:14:06 UTC",1686971646
463,462,464,"200,016,000","200,447,999","Jun 17, 2023 at 03:14:08 UTC",1686971648,"200,016,004","200,447,999","Jun 19, 2023 at 08:50:46 UTC",1687164646
464,463,465,"200,448,000","200,879,999","Jun 19, 2023 at 08:50:50 UTC",1687164650,"200,448,008","200,879,999","Jun 21, 2023 at 15:07:26 UTC",1687360046
465,464,466,"200,880,000","201,311,999","Jun 21, 2023 at 15:07:28 UTC",1687360048,"200,880,004","201,311,999","Jun 23, 2023 at 22:00:13 UTC",1687557613
466,465,467,"201,312,000","201,743,999","Jun 23, 2023 at 22:00:19 UTC",1687557619,"201,312,012","201,743,999","Jun 26, 2023 at 04:00:25 UTC",1687752025
467,466,468,"201,744,000","202,175,999","Jun 26, 2023 at 04:00:26 UTC",1687752026,"201,744,000","202,175,999","Jun 28, 2023 at 09:57:18 UTC",1687946238
468,467,469,"202,176,000","202,607,999","Jun 28, 2023 at 09:57:18 UTC",1687946238,"202,176,000","202,607,999","Jun 30, 2023 at 15:54:43 UTC",1688140483
469,468,470,"202,608,000","203,039,999","Jun 30, 2023 at 15:54:43 UTC",1688140483,"202,608,000","203,039,999","Jul 2, 2023 at 21:17:44 UTC",1688332664
470,469,471,"203,040,000","203,471,999","Jul 2, 2023 at 21:17:46 UTC",1688332666,"203,040,004","203,471,999","Jul 5, 2023 at 02:28:45 UTC",1688524125
471,470,472,"203,472,000","203,903,999","Jul 5, 2023 at 02:28:51 UTC",1688524131,"203,472,012","203,903,999","Jul 7, 2023 at 07:44:52 UTC",1688715892
472,471,473,"203,904,000","204,335,999","Jul 7, 2023 at 07:44:56 UTC",1688715896,"203,904,008","204,335,999","Jul 9, 2023 at 13:04:48 UTC",1688907888
473,472,474,"204,336,000","204,767,999","Jul 9, 2023 at 13:04:49 UTC",1688907889,"204,336,000","204,767,999","Jul 11, 2023 at 18:08:55 UTC",1689098935
474,473,475,"204,768,000","205,199,999","Jul 11, 2023 at 18:08:55 UTC",1689098935,"204,768,000","205,199,999","Jul 13, 2023 at 23:25:00 UTC",1689290700
475,474,476,"205,200,000","205,631,999","Jul 13, 2023 at 23:25:02 UTC",1689290702,"205,200,004","205,631,999","Jul 16, 2023 at 06:04:47 UTC",1689487487
476,475,477,"205,632,000","206,063,999","Jul 16, 2023 at 06:04:49 UTC",1689487489,"205,632,005","206,063,999","Jul 18, 2023 at 11:45:36 UTC",1689680736
477,476,478,"206,064,000","206,495,999","Jul 18, 2023 at 11:45:38 UTC",1689680738,"206,064,004","206,495,999","Jul 20, 2023 at 17:42:36 UTC",1689874956
478,477,479,"206,496,000","206,927,999","Jul 20, 2023 at 17:42:40 UTC",1689874960,"206,496,008","206,927,999","Jul 22, 2023 at 23:08:30 UTC",1690067310
479,478,480,"206,928,000","207,359,999","Jul 22, 2023 at 23:08:30 UTC",1690067310,"206,928,000","207,359,999","Jul 25, 2023 at 04:21:08 UTC",1690258868
480,479,481,"207,360,000","207,791,999","Jul 25, 2023 at 04:21:10 UTC",1690258870,"207,360,004","207,791,999","Jul 27, 2023 at 09:30:23 UTC",1690450223
481,480,482,"207,792,000","208,223,999","Jul 27, 2023 at 09:30:26 UTC",1690450226,"207,792,008","208,223,999","Jul 29, 2023 at 14:00:25 UTC",1690639225
482,481,483,"208,224,000","208,655,999","Jul 29, 2023 at 14:00:35 UTC",1690639235,"208,224,024","208,655,999","Jul 31, 2023 at 18:12:21 UTC",1690827141
483,482,484,"208,656,000","209,087,999","Jul 31, 2023 at 18:12:23 UTC",1690827143,"208,656,004","209,087,999","Aug 2, 2023 at 23:01:11 UTC",1691017271
484,483,485,"209,088,000","209,519,999","Aug 2, 2023 at 23:01:15 UTC",1691017275,"209,088,008","209,519,999","Aug 5, 2023 at 03:34:01 UTC",1691206441
485,484,486,"209,520,000","209,951,999","Aug 5, 2023 at 03:34:05 UTC",1691206445,"209,520,008","209,951,999","Aug 7, 2023 at 07:31:40 UTC",1691393500
486,485,487,"209,952,000","210,383,999","Aug 7, 2023 at 07:31:41 UTC",1691393501,"209,952,000","210,383,999","Aug 9, 2023 at 12:10:24 UTC",1691583024
487,486,488,"210,384,000","210,815,999","Aug 9, 2023 at 12:10:31 UTC",1691583031,"210,384,016","210,815,999","Aug 11, 2023 at 16:31:22 UTC",1691771482
488,487,489,"210,816,000","211,247,999","Aug 11, 2023 at 16:31:23 UTC",1691771483,"210,816,000","211,247,999","Aug 13, 2023 at 20:21:30 UTC",1691958090
489,488,490,"211,248,000","211,679,999","Aug 13, 2023 at 20:21:32 UTC",1691958092,"211,248,004","211,679,999","Aug 16, 2023 at 00:45:51 UTC",1692146751
490,489,491,"211,680,000","212,111,999","Aug 16, 2023 at 00:45:52 UTC",1692146752,"211,680,000","212,111,999","Aug 18, 2023 at 06:34:58 UTC",1692340498
491,490,492,"212,112,000","212,543,999","Aug 18, 2023 at 06:34:59 UTC",1692340499,"212,112,000","212,543,999","Aug 20, 2023 at 11:01:20 UTC",1692529280
492,491,493,"212,544,000","212,975,999","Aug 20, 2023 at 11:01:21 UTC",1692529281,"212,544,000","212,975,999","Aug 22, 2023 at 15:31:42 UTC",1692718302
493,492,494,"212,976,000","213,407,999","Aug 22, 2023 at 15:31:44 UTC",1692718304,"212,976,004","213,407,999","Aug 24, 2023 at 20:49:47 UTC",1692910187
494,493,495,"213,408,000","213,839,999","Aug 24, 2023 at 20:49:48 UTC",1692910188,"213,408,000","213,839,999","Aug 27, 2023 at 00:41:12 UTC",1693096872
495,494,496,"213,840,000","214,271,999","Aug 27, 2023 at 00:41:14 UTC",1693096874,"213,840,004","214,271,999","Aug 29, 2023 at 04:47:06 UTC",1693284426
496,495,497,"214,272,000","214,703,999","Aug 29, 2023 at 04:47:08 UTC",1693284428,"214,272,004","214,703,995","Aug 31, 2023 at 09:11:24 UTC",1693473084
497,496,498,"214,704,000","215,135,999","Aug 31, 2023 at 09:11:26 UTC",1693473086,"214,704,000","215,135,999","Sep 2, 2023 at 13:24:41 UTC",1693661081
498,497,499,"215,136,000","215,567,999","Sep 2, 2023 at 13:24:42 UTC",1693661082,"215,136,000","215,567,999","Sep 4, 2023 at 17:05:38 UTC",1693847138
499,498,500,"215,568,000","215,999,999","Sep 4, 2023 at 17:05:40 UTC",1693847140,"215,568,004","215,999,999","Sep 6, 2023 at 21:16:13 UTC",1694034973
500,499,501,"216,000,000","216,431,999","Sep 6, 2023 at 21:16:14 UTC",1694034974,"216,000,000","216,431,999","Sep 9, 2023 at 01:21:04 UTC",1694222464
501,500,502,"216,432,000","216,863,999","Sep 9, 2023 at 01:21:05 UTC",1694222465,"216,432,000","216,863,999","Sep 11, 2023 at 05:22:48 UTC",1694409768
502,501,503,"216,864,000","217,295,999","Sep 11, 2023 at 05:22:50 UTC",1694409770,"216,864,004","217,295,999","Sep 13, 2023 at 10:14:25 UTC",1694600065
503,502,504,"217,296,000","217,727,999","Sep 13, 2023 at 10:14:26 UTC",1694600066,"217,296,000","217,727,999","Sep 15, 2023 at 14:57:07 UTC",1694789827
504,503,505,"217,728,000","218,159,999","Sep 15, 2023 at 14:57:08 UTC",1694789828,"217,728,000","218,159,999","Sep 17, 2023 at 19:01:21 UTC",1694977281
505,504,506,"218,160,000","218,591,999","Sep 17, 2023 at 19:01:22 UTC",1694977282,"218,160,000","218,591,999","Sep 19, 2023 at 23:38:51 UTC",1695166731
506,505,507,"218,592,000","219,023,999","Sep 19, 2023 at 23:38:53 UTC",1695166733,"218,592,004","219,023,999","Sep 22, 2023 at 04:15:44 UTC",1695356144
507,506,508,"219,024,000","219,455,999","Sep 22, 2023 at 04:15:45 UTC",1695356145,"219,024,000","219,455,999","Sep 24, 2023 at 07:56:44 UTC",1695542204
508,507,509,"219,456,000","219,887,999","Sep 24, 2023 at 07:56:45 UTC",1695542205,"219,456,000","219,887,999","Sep 26, 2023 at 11:40:20 UTC",1695728420
509,508,510,"219,888,000","220,319,999","Sep 26, 2023 at 11:40:22 UTC",1695728422,"219,888,004","220,319,999","Sep 28, 2023 at 14:55:37 UTC",1695912937
510,509,511,"220,320,000","220,751,999","Sep 28, 2023 at 14:55:41 UTC",1695912941,"220,320,008","220,751,999","Sep 30, 2023 at 18:00:05 UTC",1696096805
511,510,512,"220,752,000","221,183,999","Sep 30, 2023 at 18:00:07 UTC",1696096807,"220,752,004","221,183,999","Oct 2, 2023 at 21:25:37 UTC",1696281937
512,511,513,"221,184,000","221,615,999","Oct 2, 2023 at 21:25:39 UTC",1696281939,"221,184,004","221,615,999","Oct 5, 2023 at 01:18:02 UTC",1696468682
513,512,514,"221,616,000","222,047,999","Oct 5, 2023 at 01:18:08 UTC",1696468688,"221,616,012","222,047,999","Oct 7, 2023 at 03:15:54 UTC",1696648554
514,513,515,"222,048,000","222,479,999","Oct 7, 2023 at 03:15:58 UTC",1696648558,"222,048,008","222,479,999","Oct 9, 2023 at 04:07:31 UTC",1696824451
515,514,516,"222,480,000","222,911,999","Oct 9, 2023 at 04:07:40 UTC",1696824460,"222,480,020","222,911,999","Oct 11, 2023 at 05:32:26 UTC",1697002346
516,515,517,"222,912,000","223,343,999","Oct 11, 2023 at 05:32:36 UTC",1697002356,"222,912,024","223,343,999","Oct 13, 2023 at 06:50:20 UTC",1697179820
517,516,518,"223,344,000","223,775,999","Oct 13, 2023 at 06:50:24 UTC",1697179824,"223,344,008","223,775,999","Oct 15, 2023 at 07:52:03 UTC",1697356323
518,517,519,"223,776,000","224,207,999","Oct 15, 2023 at 07:52:03 UTC",1697356323,"223,776,000","224,207,999","Oct 17, 2023 at 09:06:21 UTC",1697533581
519,518,520,"224,208,000","224,639,999","Oct 17, 2023 at 09:06:22 UTC",1697533582,"224,208,000","224,639,999","Oct 19, 2023 at 10:18:26 UTC",1697710706
520,519,521,"224,640,000","225,071,999","Oct 19, 2023 at 10:18:35 UTC",1697710715,"224,640,020","225,071,999","Oct 21, 2023 at 12:01:13 UTC",1697889673
521,520,522,"225,072,000","225,503,999","Oct 21, 2023 at 12:01:14 UTC",1697889674,"225,072,004","225,503,999","Oct 23, 2023 at 14:16:48 UTC",1698070608
522,521,523,"225,504,000","225,935,999","Oct 23, 2023 at 14:16:50 UTC",1698070610,"225,504,004","225,935,999","Oct 25, 2023 at 17:52:22 UTC",1698256342
523,522,524,"225,936,000","226,367,999","Oct 25, 2023 at 17:52:24 UTC",1698256344,"225,936,004","226,367,999","Oct 27, 2023 at 20:56:29 UTC",1698440189
524,523,525,"226,368,000","226,799,999","Oct 27, 2023 at 20:56:31 UTC",1698440191,"226,368,004","226,799,999","Oct 29, 2023 at 21:58:42 UTC",1698616722
525,524,526,"226,800,000","227,231,999","Oct 29, 2023 at 21:58:43 UTC",1698616723,"226,800,000","227,231,999","Oct 31, 2023 at 23:55:55 UTC",1698796555
526,525,527,"227,232,000","227,663,999","Oct 31, 2023 at 23:56:00 UTC",1698796560,"227,232,012","227,663,999","Nov 3, 2023 at 03:48:18 UTC",1698983298
527,526,528,"227,664,000","228,095,999","Nov 3, 2023 at 03:48:25 UTC",1698983305,"227,664,016","228,095,999","Nov 5, 2023 at 06:29:42 UTC",1699165782
528,527,529,"228,096,000","228,527,999","Nov 5, 2023 at 06:29:43 UTC",1699165783,"228,096,000","228,527,999","Nov 7, 2023 at 08:24:27 UTC",1699345467
529,528,530,"228,528,000","228,959,999","Nov 7, 2023 at 08:24:29 UTC",1699345469,"228,528,004","228,959,999","Nov 9, 2023 at 10:38:16 UTC",1699526296
530,529,531,"228,960,000","229,391,999","Nov 9, 2023 at 10:38:22 UTC",1699526302,"228,960,012","229,391,999","Nov 11, 2023 at 15:07:13 UTC",1699715233
531,530,532,"229,392,000","229,823,999","Nov 11, 2023 at 15:07:17 UTC",1699715237,"229,392,008","229,823,999","Nov 13, 2023 at 19:38:35 UTC",1699904315
532,531,533,"229,824,000","230,255,999","Nov 13, 2023 at 19:38:36 UTC",1699904316,"229,824,000","230,255,999","Nov 16, 2023 at 00:13:35 UTC",1700093615
533,532,534,"230,256,000","230,687,999","Nov 16, 2023 at 00:13:44 UTC",1700093624,"230,256,020","230,687,999","Nov 18, 2023 at 04:42:13 UTC",1700282533
534,533,535,"230,688,000","231,119,999","Nov 18, 2023 at 04:42:19 UTC",1700282539,"230,688,012","231,119,999","Nov 20, 2023 at 07:15:08 UTC",1700464508
535,534,536,"231,120,000","231,551,999","Nov 20, 2023 at 07:15:12 UTC",1700464512,"231,120,008","231,551,999","Nov 22, 2023 at 11:28:13 UTC",1700652493
536,535,537,"231,552,000","231,983,999","Nov 22, 2023 at 11:28:14 UTC",1700652494,"231,552,001","231,983,999","Nov 24, 2023 at 15:47:39 UTC",1700840859
537,536,538,"231,984,000","232,415,999","Nov 24, 2023 at 15:47:40 UTC",1700840860,"231,984,004","232,415,999","Nov 26, 2023 at 19:18:24 UTC",1701026304
538,537,539,"232,416,000","232,847,999","Nov 26, 2023 at 19:18:25 UTC",1701026305,"232,416,000","232,847,999","Nov 28, 2023 at 23:53:02 UTC",1701215582
539,538,540,"232,848,000","233,279,999","Nov 28, 2023 at 23:53:02 UTC",1701215582,"232,848,000","233,279,999","Dec 1, 2023 at 04:31:54 UTC",1701405114
540,539,541,"233,280,000","233,711,999","Dec 1, 2023 at 04:31:55 UTC",1701405115,"233,280,000","233,711,999","Dec 3, 2023 at 08:23:29 UTC",1701591809
541,540,542,"233,712,000","234,143,999","Dec 3, 2023 at 08:23:41 UTC",1701591821,"233,712,028","234,143,999","Dec 5, 2023 at 12:49:54 UTC",1701780594
542,541,543,"234,144,000","234,575,999","Dec 5, 2023 at 12:49:55 UTC",1701780595,"234,144,000","234,575,995","Dec 7, 2023 at 18:40:20 UTC",1701974420
543,542,544,"234,576,000","235,007,999","Dec 7, 2023 at 18:40:24 UTC",1701974424,"234,576,004","235,007,999","Dec 10, 2023 at 01:17:21 UTC",1702171041
544,543,545,"235,008,000","235,439,999","Dec 10, 2023 at 01:17:22 UTC",1702171042,"235,008,000","235,439,999","Dec 12, 2023 at 08:28:16 UTC",1702369696
545,544,546,"235,440,000","235,871,999","Dec 12, 2023 at 08:28:18 UTC",1702369698,"235,440,004","235,871,999","Dec 14, 2023 at 15:53:48 UTC",1702569228
546,545,547,"235,872,000","236,303,999","Dec 14, 2023 at 15:53:54 UTC",1702569234,"235,872,012","236,303,999","Dec 16, 2023 at 22:30:55 UTC",1702765855
547,546,548,"236,304,000","236,735,999","Dec 16, 2023 at 22:31:02 UTC",1702765862,"236,304,016","236,735,999","Dec 19, 2023 at 05:31:12 UTC",1702963872
548,547,549,"236,736,000","237,167,999","Dec 19, 2023 at 05:31:13 UTC",1702963873,"236,736,000","237,167,999","Dec 21, 2023 at 12:11:08 UTC",1703160668
549,548,550,"237,168,000","237,599,999","Dec 21, 2023 at 12:11:08 UTC",1703160668,"237,168,000","237,599,999","Dec 23, 2023 at 18:19:16 UTC",1703355556
550,549,551,"237,600,000","238,031,999","Dec 23, 2023 at 18:19:17 UTC",1703355557,"237,600,000","238,031,999","Dec 26, 2023 at 00:20:52 UTC",1703550052
551,550,552,"238,032,000","238,463,999","Dec 26, 2023 at 00:20:53 UTC",1703550053,"238,032,000","238,463,999","Dec 28, 2023 at 06:24:48 UTC",1703744688
552,551,553,"238,464,000","238,895,999","Dec 28, 2023 at 06:24:49 UTC",1703744689,"238,464,000","238,895,999","Dec 30, 2023 at 13:06:53 UTC",1703941613
553,552,554,"238,896,000","239,327,999","Dec 30, 2023 at 13:06:57 UTC",1703941617,"238,896,008","239,327,999","Jan 1, 2024 at 20:23:53 UTC",1704140633
554,553,555,"239,328,000","239,759,999","Jan 1, 2024 at 20:23:54 UTC",1704140634,"239,328,000","239,759,999","Jan 4, 2024 at 03:12:33 UTC",1704337953
555,554,556,"239,760,000","240,191,999","Jan 4, 2024 at 03:12:34 UTC",1704337954,"239,760,000","240,191,999","Jan 6, 2024 at 10:27:51 UTC",1704536871
556,555,557,"240,192,000","240,623,999","Jan 6, 2024 at 10:27:53 UTC",1704536873,"240,192,004","240,623,999","Jan 8, 2024 at 17:18:05 UTC",1704734285
557,556,558,"240,624,000","241,055,999","Jan 8, 2024 at 17:18:08 UTC",1704734288,"240,624,008","241,055,999","Jan 10, 2024 at 22:15:36 UTC",1704924936
558,557,559,"241,056,000","241,487,999","Jan 10, 2024 at 22:15:38 UTC",1704924938,"241,056,004","241,487,999","Jan 13, 2024 at 02:23:13 UTC",1705112593
559,558,560,"241,488,000","241,919,999","Jan 13, 2024 at 02:23:19 UTC",1705112599,"241,488,012","241,919,999","Jan 15, 2024 at 07:14:52 UTC",1705302892
560,559,561,"241,920,000","242,351,999","Jan 15, 2024 at 07:14:54 UTC",1705302894,"241,920,004","242,351,999","Jan 17, 2024 at 11:39:32 UTC",1705491572
561,560,562,"242,352,000","242,783,999","Jan 17, 2024 at 11:39:38 UTC",1705491578,"242,352,012","242,783,999","Jan 19, 2024 at 13:51:03 UTC",1705672263
562,561,563,"242,784,000","243,215,999","Jan 19, 2024 at 13:51:09 UTC",1705672269,"242,784,012","243,215,999","Jan 21, 2024 at 15:44:38 UTC",1705851878
563,562,564,"243,216,000","243,647,999","Jan 21, 2024 at 15:44:38 UTC",1705851878,"243,216,000","243,647,999","Jan 23, 2024 at 17:28:08 UTC",1706030888
564,563,565,"243,648,000","244,079,999","Jan 23, 2024 at 17:28:10 UTC",1706030890,"243,648,004","244,079,999","Jan 25, 2024 at 19:19:14 UTC",1706210354
565,564,566,"244,080,000","244,511,999","Jan 25, 2024 at 19:19:15 UTC",1706210355,"244,080,000","244,511,999","Jan 27, 2024 at 21:19:10 UTC",1706390350
566,565,567,"244,512,000","244,943,999","Jan 27, 2024 at 21:19:11 UTC",1706390351,"244,512,000","244,943,999","Jan 29, 2024 at 23:15:58 UTC",1706570158
567,566,568,"244,944,000","245,375,999","Jan 29, 2024 at 23:15:59 UTC",1706570159,"244,944,000","245,375,999","Feb 1, 2024 at 01:16:28 UTC",1706750188
568,567,569,"245,376,000","245,807,999","Feb 1, 2024 at 01:16:32 UTC",1706750192,"245,376,008","245,807,999","Feb 3, 2024 at 03:23:02 UTC",1706930582
569,568,570,"245,808,000","246,239,999","Feb 3, 2024 at 03:23:03 UTC",1706930583,"245,808,000","246,239,999","Feb 5, 2024 at 07:04:33 UTC",1707116673
570,569,571,"246,240,000","246,671,999","Feb 5, 2024 at 07:04:33 UTC",1707116673,"246,240,000","246,671,999","Feb 7, 2024 at 14:39:02 UTC",1707316742
571,570,572,"246,672,000","247,103,999","Feb 7, 2024 at 14:39:03 UTC",1707316743,"246,672,000","247,103,999","Feb 9, 2024 at 15:56:15 UTC",1707494175
572,571,573,"247,104,000","247,535,999","Feb 9, 2024 at 15:56:18 UTC",1707494178,"247,104,008","247,535,999","Feb 11, 2024 at 17:12:35 UTC",1707671555
573,572,574,"247,536,000","247,967,999","Feb 11, 2024 at 17:12:35 UTC",1707671555,"247,536,000","247,967,999","Feb 13, 2024 at 19:20:29 UTC",1707852029
574,573,575,"247,968,000","248,399,999","Feb 13, 2024 at 19:20:30 UTC",1707852030,"247,968,000","248,399,999","Feb 15, 2024 at 21:31:18 UTC",1708032678
575,574,576,"248,400,000","248,831,999","Feb 15, 2024 at 21:31:21 UTC",1708032681,"248,400,008","248,831,999","Feb 17, 2024 at 23:56:20 UTC",1708214180
576,575,577,"248,832,000","249,263,999","Feb 17, 2024 at 23:56:21 UTC",1708214181,"248,832,000","249,263,999","Feb 20, 2024 at 02:56:33 UTC",1708397793
577,576,578,"249,264,000","249,695,999","Feb 20, 2024 at 02:56:34 UTC",1708397794,"249,264,000","249,695,999","Feb 22, 2024 at 05:56:25 UTC",1708581385
578,577,579,"249,696,000","250,127,999","Feb 22, 2024 at 05:56:27 UTC",1708581387,"249,696,004","250,127,999","Feb 24, 2024 at 08:55:32 UTC",1708764932
579,578,580,"250,128,000","250,559,999","Feb 24, 2024 at 08:55:33 UTC",1708764933,"250,128,000","250,559,999","Feb 26, 2024 at 11:04:41 UTC",1708945481
580,579,581,"250,560,000","250,991,999","Feb 26, 2024 at 11:04:42 UTC",1708945482,"250,560,000","250,991,999","Feb 28, 2024 at 13:20:21 UTC",1709126421
581,580,582,"250,992,000","251,423,999","Feb 28, 2024 at 13:20:22 UTC",1709126422,"250,992,000","251,423,999","Mar 1, 2024 at 14:58:33 UTC",1709305113
582,581,583,"251,424,000","251,855,999","Mar 1, 2024 at 14:58:34 UTC",1709305114,"251,424,000","251,855,999","Mar 3, 2024 at 16:29:12 UTC",1709483352
583,582,584,"251,856,000","252,287,999","Mar 3, 2024 at 16:29:12 UTC",1709483352,"251,856,000","252,287,999","Mar 5, 2024 at 17:35:54 UTC",1709660154
584,583,585,"252,288,000","252,719,999","Mar 5, 2024 at 17:35:55 UTC",1709660155,"252,288,000","252,719,999","Mar 7, 2024 at 18:42:36 UTC",1709836956
585,584,586,"252,720,000","253,151,999","Mar 7, 2024 at 18:42:37 UTC",1709836957,"252,720,000","253,151,999","Mar 9, 2024 at 19:55:28 UTC",1710014128
586,585,587,"253,152,000","253,583,999","Mar 9, 2024 at 19:55:31 UTC",1710014131,"253,152,004","253,583,999","Mar 11, 2024 at 21:37:20 UTC",1710193040
587,586,588,"253,584,000","254,015,999","Mar 11, 2024 at 21:37:21 UTC",1710193041,"253,584,001","254,015,999","Mar 14, 2024 at 00:25:05 UTC",1710375905
588,587,589,"254,016,000","254,447,999","Mar 14, 2024 at 00:25:07 UTC",1710375907,"254,016,004","254,447,999","Mar 16, 2024 at 03:48:13 UTC",1710560893
589,588,590,"254,448,000","254,879,999","Mar 16, 2024 at 03:48:14 UTC",1710560894,"254,448,000","254,879,999","Mar 18, 2024 at 06:54:31 UTC",1710744871
590,589,591,"254,880,000","255,311,999","Mar 18, 2024 at 06:54:33 UTC",1710744873,"254,880,004","255,311,999","Mar 20, 2024 at 09:11:19 UTC",1710925879
591,590,592,"255,312,000","255,743,999","Mar 20, 2024 at 09:11:21 UTC",1710925881,"255,312,004","255,743,999","Mar 22, 2024 at 11:45:47 UTC",1711107947
592,591,593,"255,744,000","256,175,999","Mar 22, 2024 at 11:45:51 UTC",1711107951,"255,744,008","256,175,999","Mar 24, 2024 at 15:45:03 UTC",1711295103
593,592,594,"256,176,000","256,607,999","Mar 24, 2024 at 15:45:05 UTC",1711295105,"256,176,004","256,607,995","Mar 26, 2024 at 18:55:36 UTC",1711479336
594,593,595,"256,608,000","257,039,999","Mar 26, 2024 at 18:55:38 UTC",1711479338,"256,608,000","257,039,999","Mar 28, 2024 at 22:19:43 UTC",1711664383
595,594,596,"257,040,000","257,471,999","Mar 28, 2024 at 22:19:43 UTC",1711664383,"257,040,000","257,471,999","Mar 31, 2024 at 03:59:06 UTC",1711857546
596,595,597,"257,472,000","257,903,999","Mar 31, 2024 at 03:59:07 UTC",1711857547,"257,472,004","257,903,999","Apr 2, 2024 at 09:12:23 UTC",1712049143
597,596,598,"257,904,000","258,335,999","Apr 2, 2024 at 09:12:24 UTC",1712049144,"257,904,000","258,335,999","Apr 4, 2024 at 16:13:19 UTC",1712247199
598,597,599,"258,336,000","258,767,999","Apr 4, 2024 at 16:13:21 UTC",1712247201,"258,336,004","258,767,999","Apr 7, 2024 at 02:33:13 UTC",1712457193
599,598,600,"258,768,000","259,199,999","Apr 7, 2024 at 02:33:13 UTC",1712457193,"258,768,000","259,199,999","Apr 9, 2024 at 14:19:28 UTC",1712672368
